season,event,compound,race_id,circuit_class,gate,c_number,obs,orb_v1,orb_v1_lo,orb_v1_hi,naive,naive_lo,naive_hi,climatology,climatology_lo,climatology_hi,ridge_obs,ridge_obs_lo,ridge_obs_hi,ridge_resid,ridge_resid_lo,ridge_resid_hi,huber_obs,huber_obs_lo,huber_obs_hi,huber_resid,huber_resid_lo,huber_resid_hi,hgbr_obs,hgbr_obs_lo,hgbr_obs_hi,hgbr_resid,hgbr_resid_lo,hgbr_resid_hi,blend_ridge_obs,blend_ridge_obs_lo,blend_ridge_obs_hi,blend_ridge_resid,blend_ridge_resid_lo,blend_ridge_resid_hi,blend_huber_obs,blend_huber_obs_lo,blend_huber_obs_hi,blend_huber_resid,blend_huber_resid_lo,blend_huber_resid_hi,blend_hgbr_obs,blend_hgbr_obs_lo,blend_hgbr_obs_hi,blend_hgbr_resid,blend_hgbr_resid_lo,blend_hgbr_resid_hi
2023,AbuDhabi,HARD,2023_AbuDhabi,permanent,withheld,3.0,0.034976,0.031521,-0.042597,0.093261,-0.362067,-0.707462,-0.016673,0.030271,-0.040518,0.10106,0.022745,-0.046356,0.091847,0.032427,-0.062532,0.127385,0.020772,-0.047827,0.08937,0.032898,-0.048187,0.113982,0.026267,-0.045313,0.097846,0.006798,-0.084651,0.098247,0.022745,-0.046356,0.091847,0.032427,-0.062532,0.127385,0.021309,-0.047121,0.089739,0.032898,-0.048187,0.113982,0.026529,-0.043022,0.096081,0.006798,-0.084651,0.098247
2023,AbuDhabi,MEDIUM,2023_AbuDhabi,permanent,withheld,4.0,0.066142,0.031521,-0.042597,0.093261,0.137007,-0.208387,0.482402,0.0452,-0.025589,0.115989,0.030763,-0.038339,0.099864,0.024578,-0.070381,0.119537,0.031388,-0.03721,0.099986,0.029575,-0.051509,0.110659,0.025468,-0.046111,0.097048,0.012223,-0.079226,0.103671,0.030763,-0.038339,0.099864,0.024578,-0.070381,0.119537,0.031395,-0.037035,0.099825,0.029575,-0.051509,0.110659,0.025771,-0.04378,0.095322,0.012223,-0.079226,0.103671
2023,Australia,HARD,2023_Australia,street,withheld,2.0,-0.015727,0.035487,-0.031889,0.098074,-0.286038,-0.641535,0.069459,0.033189,-0.037862,0.10424,0.001376,-0.068327,0.071079,-0.013936,-0.107474,0.079601,0.003078,-0.065023,0.07118,-0.005675,-0.091441,0.080091,0.013126,-0.056494,0.082746,0.007312,-0.082826,0.097451,0.001376,-0.068327,0.071079,-0.013936,-0.107474,0.079601,0.004699,-0.063356,0.072753,-0.005675,-0.091441,0.080091,0.014244,-0.056785,0.085273,0.007312,-0.082826,0.097451
2023,Australia,MEDIUM,2023_Australia,street,withheld,3.0,0.040373,0.035487,-0.031889,0.098074,0.24442,-0.111077,0.599916,0.046473,-0.024579,0.117524,0.010452,-0.059251,0.080155,-0.014295,-0.107832,0.079243,0.00898,-0.059121,0.077082,-0.009956,-0.095722,0.07581,0.017546,-0.052074,0.087167,0.004588,-0.08555,0.094726,0.010452,-0.059251,0.080155,-0.014295,-0.107832,0.079243,0.010306,-0.057749,0.07836,-0.009956,-0.095722,0.07581,0.018443,-0.052586,0.089472,0.004588,-0.08555,0.094726
2023,Bahrain,HARD,2023_Bahrain,permanent,withheld,1.0,0.071707,0.034976,-0.042607,0.085684,0.257898,-0.097598,0.613395,0.030271,-0.039729,0.100271,0.050256,-0.020888,0.1214,0.047657,-0.046292,0.141605,0.05177,-0.015921,0.119462,0.044271,-0.04234,0.130882,0.067787,-0.001833,0.137407,0.048627,-0.041512,0.138765,0.050256,-0.020888,0.1214,0.047657,-0.046292,0.141605,0.050931,-0.016171,0.118032,0.044271,-0.04234,0.130882,0.066147,-0.001717,0.13401,0.048627,-0.041512,0.138765
2023,Bahrain,SOFT,2023_Bahrain,permanent,issued,3.0,0.127972,0.041613,0.004302,0.162443,0.187687,-0.167809,0.543184,0.04995,-0.020051,0.11995,0.068322,-0.002822,0.139466,0.074515,-0.019434,0.168463,0.063668,-0.004024,0.131359,0.057932,-0.02868,0.144543,0.065786,-0.003834,0.135406,0.044976,-0.045162,0.135115,0.068322,-0.002822,0.139466,0.074515,-0.019434,0.168463,0.062565,-0.004537,0.129666,0.057932,-0.02868,0.144543,0.064577,-0.003286,0.132441,0.044976,-0.045162,0.135115
2023,Barcelona,MEDIUM,2023_Barcelona,permanent,withheld,2.0,0.035998,0.034976,-0.042652,0.094402,0.245905,-0.109591,0.601402,0.046473,-0.022068,0.115014,0.037232,-0.033235,0.107698,0.048333,-0.048517,0.145183,0.037545,-0.030594,0.105684,0.03271,-0.052329,0.117749,0.020655,-0.045753,0.087062,0.023436,-0.072401,0.119274,0.037232,-0.033235,0.107698,0.048333,-0.048517,0.145183,0.037545,-0.030594,0.105684,0.03271,-0.052329,0.117749,0.021371,-0.046877,0.089618,0.023436,-0.072401,0.119274
2023,Barcelona,SOFT,2023_Barcelona,permanent,issued,3.0,0.036696,0.023262,-0.00028,0.121789,0.186245,-0.169251,0.541742,0.056387,-0.012154,0.124928,0.053216,-0.017251,0.123683,0.062973,-0.033877,0.159823,0.049095,-0.019044,0.117234,0.038505,-0.046534,0.123544,0.053472,-0.012936,0.11988,0.038354,-0.057483,0.134192,0.053216,-0.017251,0.123683,0.062973,-0.033877,0.159823,0.049095,-0.019044,0.117234,0.038505,-0.046534,0.123544,0.051961,-0.016287,0.120209,0.038354,-0.057483,0.134192
2023,Brazil,MEDIUM,2023_Brazil,permanent,withheld,3.0,0.050029,0.034976,-0.048722,0.099048,0.273249,-0.082248,0.628746,0.0452,-0.025851,0.116251,0.048234,-0.021954,0.118422,0.046717,-0.049104,0.142539,0.045328,-0.023281,0.113938,0.036383,-0.048502,0.121267,0.038256,-0.028432,0.104943,0.040202,-0.046394,0.126798,0.048234,-0.021954,0.118422,0.04613,-0.048606,0.140866,0.044811,-0.024819,0.114441,0.036383,-0.048502,0.121267,0.038092,-0.029434,0.105618,0.040202,-0.046394,0.126798
2023,Britain,HARD,2023_Britain,permanent,issued,1.0,0.00713,0.015452,-0.149098,0.040337,0.263921,-0.091576,0.619418,0.033189,-0.03404,0.100418,0.044369,-0.023443,0.112181,0.03235,-0.055191,0.119891,0.048846,-0.017903,0.115596,0.047154,-0.044846,0.139154,0.043081,-0.021788,0.107949,0.046563,-0.049333,0.142459,0.044369,-0.023443,0.112181,0.03235,-0.055191,0.119891,0.047177,-0.01844,0.112793,0.045569,-0.043908,0.135046,0.041699,-0.025827,0.109225,0.040341,-0.05761,0.138292
2023,Britain,MEDIUM,2023_Britain,permanent,issued,2.0,-0.004075,0.048283,-0.042361,0.210079,0.268628,-0.086869,0.624125,0.046473,-0.020757,0.113702,0.04891,-0.018902,0.116722,0.034217,-0.053324,0.121758,0.049834,-0.016916,0.116583,0.044721,-0.047279,0.136721,0.044046,-0.020823,0.108914,0.065558,-0.030338,0.161454,0.04891,-0.018902,0.116722,0.034217,-0.053324,0.121758,0.049756,-0.015861,0.115373,0.044899,-0.044578,0.134376,0.044258,-0.023268,0.111784,0.062103,-0.035848,0.160054
2023,Britain,SOFT,2023_Britain,permanent,issued,3.0,0.034236,0.162946,-0.117703,0.178811,0.239858,-0.115639,0.595354,0.056387,-0.010842,0.123616,0.062302,-0.00551,0.130114,0.06073,-0.026811,0.148271,0.057974,-0.008776,0.124723,0.054964,-0.037036,0.146964,0.068,0.003131,0.132869,0.111942,0.016046,0.207838,0.062302,-0.00551,0.130114,0.06073,-0.026811,0.148271,0.063222,-0.002394,0.128839,0.060363,-0.029114,0.14984,0.072747,0.005221,0.140273,0.122143,0.024191,0.220094
2023,Hungary,HARD,2023_Hungary,permanent,withheld,3.0,0.052637,0.034976,-0.039877,0.092277,0.472583,0.1374,0.807766,0.030271,-0.039729,0.100271,0.051076,-0.02013,0.122283,0.043679,-0.046481,0.13384,0.049665,-0.01671,0.11604,0.035166,-0.05178,0.122112,0.060228,-0.010481,0.130937,0.033759,-0.061178,0.128696,0.051076,-0.02013,0.122283,0.043679,-0.046481,0.13384,0.04893,-0.016226,0.114087,0.035166,-0.05178,0.122112,0.058966,-0.009579,0.12751,0.034002,-0.062564,0.130569
2023,Hungary,MEDIUM,2023_Hungary,permanent,issued,4.0,0.047105,0.116097,-0.10815,0.408244,0.230836,-0.104347,0.566019,0.0452,-0.0248,0.1152,0.055785,-0.015422,0.126992,0.057693,-0.032468,0.147853,0.055339,-0.011036,0.121715,0.053623,-0.033323,0.140569,0.0501,-0.020609,0.120809,0.056481,-0.038457,0.151418,0.055785,-0.015422,0.126992,0.057693,-0.032468,0.147853,0.058377,-0.006779,0.123534,0.053623,-0.033323,0.140569,0.0534,-0.015145,0.121944,0.068404,-0.028162,0.164971
2023,Hungary,SOFT,2023_Hungary,permanent,issued,5.0,0.015952,0.039674,0.00235,0.15462,0.375959,0.040776,0.711142,0.056387,-0.013613,0.126387,0.071936,0.000729,0.143142,0.073799,-0.016361,0.16396,0.065162,-0.001213,0.131538,0.059109,-0.027838,0.146055,0.064008,-0.006701,0.134717,0.091323,-0.003614,0.186261,0.071936,0.000729,0.143142,0.073799,-0.016361,0.16396,0.063888,-0.001269,0.129045,0.059109,-0.027838,0.146055,0.062791,-0.005753,0.131335,0.080993,-0.015573,0.17756
2023,Japan,HARD,2023_Japan,permanent,issued,1.0,0.089294,0.207176,-1.175667,0.02858,0.220121,-0.135376,0.575617,0.030271,-0.040518,0.10106,0.054953,-0.017045,0.126951,0.089549,-0.002218,0.181316,0.064433,-0.003981,0.132846,0.109597,0.025539,0.193656,0.067897,-0.002364,0.138157,0.115189,0.017884,0.212493,0.054953,-0.017045,0.126951,0.089549,-0.002218,0.181316,0.064433,-0.003981,0.132846,0.109597,0.025539,0.193656,0.067897,-0.002364,0.138157,0.124387,0.026505,0.22227
2023,Japan,MEDIUM,2023_Japan,permanent,issued,2.0,0.098174,0.24844,-0.230685,0.86848,0.292473,-0.063024,0.64797,0.0452,-0.025589,0.115989,0.057353,-0.014645,0.12935,0.090225,-0.001542,0.181992,0.064718,-0.003695,0.133132,0.10723,0.023171,0.191288,0.065806,-0.004454,0.136067,0.138049,0.040745,0.235354,0.057353,-0.014645,0.12935,0.090225,-0.001542,0.181992,0.064718,-0.003695,0.133132,0.10723,0.023171,0.191288,0.065806,-0.004454,0.136067,0.149088,0.051206,0.246971
2023,Japan,SOFT,2023_Japan,permanent,issued,3.0,0.100268,0.419839,-0.288706,0.437021,0.301865,-0.053631,0.657362,0.04995,-0.02084,0.120739,0.068044,-0.003953,0.140042,0.155901,0.064134,0.247668,0.074205,0.005791,0.142619,0.177266,0.093208,0.261325,0.069589,-0.000671,0.13985,0.292516,0.195211,0.38982,0.068044,-0.003953,0.140042,0.155901,0.064134,0.247668,0.074205,0.005791,0.142619,0.177266,0.093208,0.261325,0.069589,-0.000671,0.13985,0.305248,0.207365,0.403131
2023,Mexico,HARD,2023_Mexico,permanent,issued,3.0,0.02816,0.031571,-0.39097,0.090679,0.004155,-0.351341,0.359652,0.033189,-0.037862,0.10424,0.051215,-0.01779,0.12022,0.048815,-0.043419,0.141049,0.053525,-0.014889,0.121939,0.04791,-0.036809,0.132629,0.060705,-0.011438,0.132847,0.073228,-0.02037,0.166826,0.050233,-0.017509,0.117974,0.048815,-0.043419,0.141049,0.052427,-0.012549,0.117404,0.04791,-0.036809,0.132629,0.059248,-0.013486,0.131982,0.069062,-0.025503,0.163628
2023,Mexico,MEDIUM,2023_Mexico,permanent,issued,4.0,0.027465,0.195934,-0.26243,0.797915,0.147368,-0.208129,0.502865,0.046473,-0.024579,0.117524,0.055069,-0.013937,0.124074,0.056812,-0.035422,0.149046,0.055562,-0.012852,0.123976,0.060765,-0.023954,0.145484,0.058582,-0.013561,0.130724,0.112018,0.01842,0.205616,0.062112,-0.00563,0.129853,0.056812,-0.035422,0.149046,0.062581,-0.002396,0.127557,0.060765,-0.023954,0.145484,0.065449,-0.007285,0.138183,0.12041,0.025844,0.214975
2023,Miami,HARD,2023_Miami,street,withheld,2.0,0.015473,0.037551,-0.048503,0.094398,-0.200392,-0.555889,0.155105,0.033189,-0.037862,0.10424,0.005067,-0.064925,0.075059,-0.002633,-0.095602,0.090336,0.005353,-0.063669,0.074374,0.000698,-0.085429,0.086825,0.013291,-0.06104,0.087621,0.014033,-0.080671,0.108736,0.005067,-0.064925,0.075059,-0.002633,-0.095602,0.090336,0.005353,-0.063669,0.074374,0.000698,-0.085429,0.086825,0.014504,-0.055415,0.084423,0.016385,-0.075246,0.108015
2023,Miami,MEDIUM,2023_Miami,street,withheld,3.0,0.010315,0.037551,-0.048503,0.094398,0.078786,-0.276711,0.434282,0.046473,-0.024579,0.117524,0.011227,-0.058765,0.08122,-0.004522,-0.097491,0.088447,0.009702,-0.059319,0.078724,-0.007707,-0.093834,0.07842,0.02116,-0.053171,0.09549,0.009781,-0.084923,0.104485,0.011227,-0.058765,0.08122,-0.004522,-0.097491,0.088447,0.009702,-0.059319,0.078724,-0.007707,-0.093834,0.07842,0.021979,-0.04794,0.091898,0.012558,-0.079073,0.104189
2023,Monaco,HARD,2023_Monaco,street,withheld,3.0,0.027043,0.035998,-0.029452,0.085705,-0.118048,-0.473545,0.237449,0.033189,-0.039522,0.1059,0.027016,-0.04384,0.097872,0.005541,-0.087434,0.098515,0.01635,-0.052579,0.08528,0.009932,-0.07458,0.094444,0.019054,-0.047202,0.08531,0.015131,-0.071621,0.101883,0.027465,-0.04574,0.10067,0.005541,-0.087434,0.098515,0.017333,-0.049065,0.083731,0.009932,-0.07458,0.094444,0.019901,-0.049709,0.089511,0.018261,-0.074929,0.111451
2023,Monaco,MEDIUM,2023_Monaco,street,withheld,4.0,-0.019809,0.035998,-0.029452,0.085705,0.110579,-0.244918,0.466076,0.046473,-0.026238,0.119183,0.03251,-0.038346,0.103365,0.018778,-0.074197,0.111752,0.023663,-0.045266,0.092593,0.019485,-0.065027,0.103997,0.023465,-0.042791,0.089721,0.022477,-0.064276,0.109229,0.032684,-0.040521,0.105889,0.018778,-0.074197,0.111752,0.02428,-0.042118,0.090678,0.019485,-0.065027,0.103997,0.024092,-0.045518,0.093702,0.024505,-0.068685,0.117695
2023,Monaco,SOFT,2023_Monaco,street,withheld,5.0,0.11148,0.035998,-0.029452,0.085705,0.163887,-0.19161,0.519384,0.04995,-0.022761,0.12266,0.037086,-0.03377,0.107942,0.016729,-0.076246,0.109703,0.025813,-0.043117,0.094742,0.012027,-0.072485,0.096539,0.035759,-0.030497,0.102015,0.019899,-0.066854,0.106651,0.037031,-0.036174,0.110236,0.016729,-0.076246,0.109703,0.026322,-0.040076,0.09272,0.012027,-0.072485,0.096539,0.035771,-0.033838,0.105381,0.022314,-0.070876,0.115503
2023,Monza,HARD,2023_Monza,permanent,withheld,3.0,0.061634,0.034976,-0.042182,0.094042,0.136179,-0.219318,0.491675,0.030271,-0.040518,0.10106,0.032688,-0.037091,0.102467,0.024885,-0.068976,0.118746,0.031328,-0.038928,0.101584,0.023909,-0.059697,0.107515,0.039372,-0.032382,0.111126,0.024776,-0.061976,0.111528,0.032802,-0.036846,0.102451,0.02539,-0.066294,0.117074,0.03151,-0.039684,0.102704,0.023909,-0.059697,0.107515,0.039152,-0.031403,0.109707,0.025796,-0.062132,0.113723
2023,Monza,MEDIUM,2023_Monza,permanent,issued,4.0,0.057767,0.024879,-0.032382,0.032976,0.20469,-0.150807,0.560186,0.0452,-0.025589,0.115989,0.040216,-0.029563,0.109995,0.019421,-0.07444,0.113282,0.038154,-0.032102,0.10841,0.01631,-0.067296,0.099917,0.043697,-0.028056,0.115451,0.054073,-0.032679,0.140825,0.039449,-0.030199,0.109097,0.019694,-0.07199,0.111378,0.03749,-0.033704,0.108684,0.01631,-0.067296,0.099917,0.042757,-0.027798,0.113311,0.051154,-0.036774,0.139081
2023,Qatar,HARD,2023_Qatar,permanent,withheld,1.0,0.01153,0.037551,-0.050683,0.095838,-0.013614,-0.36911,0.341883,0.033189,-0.037862,0.10424,0.023485,-0.048123,0.095092,0.012299,-0.076382,0.100981,0.011826,-0.058564,0.082216,0.015075,-0.068531,0.098681,0.019377,-0.053187,0.091941,0.024457,-0.067591,0.116505,0.024188,-0.048359,0.096734,0.012299,-0.076382,0.100981,0.013112,-0.056808,0.083033,0.015075,-0.068531,0.098681,0.020286,-0.051886,0.092457,0.025766,-0.062949,0.114482
2023,Qatar,MEDIUM,2023_Qatar,permanent,withheld,2.0,0.003152,0.037551,-0.050683,0.095838,0.204812,-0.150685,0.560308,0.046473,-0.024579,0.117524,0.029197,-0.042411,0.100805,0.02172,-0.066962,0.110401,0.021029,-0.049361,0.091419,0.028863,-0.054743,0.112469,0.027507,-0.045057,0.100071,0.027739,-0.064309,0.119787,0.029615,-0.042932,0.102161,0.02172,-0.066962,0.110401,0.021855,-0.048066,0.091776,0.028863,-0.054743,0.112469,0.028009,-0.044163,0.100181,0.02872,-0.059995,0.117435
2023,SaudiArabia,HARD,2023_SaudiArabia,street,withheld,2.0,-0.005056,0.035998,-0.050568,0.109881,0.290765,-0.064731,0.646262,0.033189,-0.039522,0.1059,0.030866,-0.039007,0.10074,0.0208,-0.067427,0.109026,0.031295,-0.03762,0.100211,0.018556,-0.069193,0.106305,0.02666,-0.042935,0.096255,0.026656,-0.05988,0.113192,0.030866,-0.039007,0.10074,0.0208,-0.067427,0.109026,0.031531,-0.033973,0.097034,0.018556,-0.069193,0.106305,0.027126,-0.044788,0.099041,0.02759,-0.063163,0.118344
2023,SaudiArabia,MEDIUM,2023_SaudiArabia,street,issued,3.0,-0.00165,0.055031,-0.088922,0.276981,0.205437,-0.15006,0.560933,0.046473,-0.026238,0.119183,0.038529,-0.031344,0.108402,0.017572,-0.070654,0.105799,0.040013,-0.028903,0.108928,0.020899,-0.06685,0.108648,0.038687,-0.030908,0.108282,0.033642,-0.052893,0.120178,0.038529,-0.031344,0.108402,0.017572,-0.070654,0.105799,0.040764,-0.02474,0.106267,0.020899,-0.06685,0.108648,0.039504,-0.03241,0.111418,0.035781,-0.054972,0.126535
2023,SaudiArabia,SOFT,2023_SaudiArabia,street,issued,4.0,0.115632,0.02694,-0.008592,0.0889,0.392776,0.037279,0.748273,0.04995,-0.022761,0.12266,0.049002,-0.020872,0.118875,0.034119,-0.054107,0.122346,0.043856,-0.025059,0.112772,0.028028,-0.059722,0.115777,0.041408,-0.028187,0.111003,0.008754,-0.077782,0.09529,0.049002,-0.020872,0.118875,0.034119,-0.054107,0.122346,0.043011,-0.022493,0.108514,0.028028,-0.059722,0.115777,0.040685,-0.03123,0.112599,0.010573,-0.080181,0.101326
2023,Singapore,HARD,2023_Singapore,street,withheld,3.0,0.05743,0.03101,-0.053019,0.109763,0.145304,-0.200091,0.490699,0.030271,-0.039729,0.100271,0.022892,-0.046422,0.092206,0.009484,-0.078719,0.097688,0.020042,-0.049977,0.090062,0.004467,-0.082364,0.091298,0.008791,-0.061553,0.079134,-0.001623,-0.088712,0.085466,0.022892,-0.046422,0.092206,0.009484,-0.078719,0.097688,0.020591,-0.050246,0.091427,0.004467,-0.082364,0.091298,0.009902,-0.060375,0.080178,0.00164,-0.086186,0.089466
2023,Singapore,MEDIUM,2023_Singapore,street,issued,4.0,0.026632,0.038114,-0.058601,0.214763,0.206605,-0.13879,0.551999,0.046473,-0.023527,0.116473,0.032437,-0.036877,0.101751,0.008061,-0.080143,0.096264,0.030276,-0.039743,0.100295,0.003653,-0.083178,0.090484,0.036791,-0.033553,0.107134,0.02474,-0.062349,0.111829,0.032437,-0.036877,0.101751,0.008061,-0.080143,0.096264,0.030668,-0.040169,0.101504,0.003653,-0.083178,0.090484,0.036857,-0.033419,0.107133,0.026078,-0.061749,0.113904
2023,Singapore,SOFT,2023_Singapore,street,withheld,5.0,0.039103,0.03101,-0.053019,0.109763,0.552227,0.206832,0.897621,0.056387,-0.013613,0.126387,0.046287,-0.023027,0.115601,0.03651,-0.051694,0.124713,0.036292,-0.033728,0.106311,0.016423,-0.070408,0.103255,0.048871,-0.021472,0.119215,0.025169,-0.061921,0.112258,0.046287,-0.023027,0.115601,0.03651,-0.051694,0.124713,0.036027,-0.034809,0.106864,0.016423,-0.070408,0.103255,0.047978,-0.022298,0.118254,0.025753,-0.062074,0.113579
2023,USA,HARD,2023_USA,permanent,issued,2.0,0.045223,0.106909,-0.762665,0.039279,0.170549,-0.184947,0.526046,0.030271,-0.040518,0.10106,0.049263,-0.020219,0.118745,0.049674,-0.036833,0.136181,0.047969,-0.018073,0.114011,0.051237,-0.033167,0.135642,0.044655,-0.027447,0.116758,0.043864,-0.049603,0.137331,0.052145,-0.01587,0.12016,0.049674,-0.036833,0.136181,0.050916,-0.014726,0.116557,0.051237,-0.033167,0.135642,0.047768,-0.024772,0.120307,0.053321,-0.040233,0.146875
2023,USA,MEDIUM,2023_USA,permanent,issued,3.0,0.051696,0.178413,-0.178611,0.677662,0.258616,-0.09688,0.614113,0.0452,-0.025589,0.115989,0.053075,-0.016407,0.122557,0.055943,-0.030563,0.14245,0.050246,-0.015796,0.116288,0.059273,-0.025132,0.143678,0.05746,-0.014643,0.129563,0.074059,-0.019408,0.167525,0.059342,-0.008673,0.127357,0.055943,-0.030563,0.14245,0.056655,-0.008987,0.122296,0.059273,-0.025132,0.143678,0.063508,-0.009032,0.136047,0.089712,-0.003842,0.183266
2023,Zandvoort,HARD,2023_Zandvoort,permanent,issued,1.0,-0.085403,0.012458,-0.015769,0.0432,0.143819,-0.211678,0.499315,0.033189,-0.033893,0.100271,0.041497,-0.026562,0.109556,0.027016,-0.056779,0.11081,0.040993,-0.022543,0.104529,0.033385,-0.052396,0.119167,0.035682,-0.033237,0.1046,0.039917,-0.046226,0.12606,0.041497,-0.026562,0.109556,0.027016,-0.056779,0.11081,0.039566,-0.024442,0.103574,0.032339,-0.052157,0.116835,0.03452,-0.035318,0.104359,0.037171,-0.046005,0.120348
2023,Zandvoort,MEDIUM,2023_Zandvoort,permanent,withheld,2.0,0.010872,0.035998,-0.052603,0.100121,0.176297,-0.179199,0.531794,0.046473,-0.020609,0.113555,0.037511,-0.030548,0.105571,0.027185,-0.05661,0.110979,0.036111,-0.027425,0.099648,0.032398,-0.053383,0.118179,0.031178,-0.037741,0.100096,0.027534,-0.058609,0.113677,0.037511,-0.030548,0.105571,0.027185,-0.05661,0.110979,0.036106,-0.027902,0.100114,0.032578,-0.051918,0.117074,0.031419,-0.03842,0.101257,0.028381,-0.054796,0.111557
2023,Zandvoort,SOFT,2023_Zandvoort,permanent,issued,3.0,0.004979,0.029254,0.000208,0.123562,0.288341,-0.067156,0.643837,0.056387,-0.010695,0.123469,0.057158,-0.010901,0.125218,0.047056,-0.036739,0.13085,0.049983,-0.013553,0.11352,0.042386,-0.043395,0.128167,0.049024,-0.019894,0.117943,0.053593,-0.03255,0.139736,0.057158,-0.010901,0.125218,0.047056,-0.036739,0.13085,0.048947,-0.015061,0.112955,0.041729,-0.042767,0.126225,0.048036,-0.021803,0.117874,0.051159,-0.032017,0.134335
2024,AbuDhabi,MEDIUM,2024_AbuDhabi,permanent,issued,4.0,0.043012,0.042177,-0.011576,0.113521,0.148938,-0.206559,0.504434,0.046473,-0.022068,0.115014,0.050716,-0.016949,0.118382,0.058778,-0.02612,0.143677,0.050875,-0.015136,0.116886,0.060719,-0.020965,0.142403,0.056244,-0.014894,0.127383,0.053638,-0.031585,0.138862,0.050289,-0.016382,0.11696,0.058778,-0.02612,0.143677,0.05044,-0.01468,0.11556,0.060719,-0.020965,0.142403,0.055541,-0.01542,0.126502,0.051919,-0.035977,0.139815
2024,AbuDhabi,SOFT,2024_AbuDhabi,permanent,issued,5.0,0.145574,0.150279,-0.254444,0.00974,0.354663,-0.000834,0.710159,0.04995,-0.018591,0.118491,0.056795,-0.010871,0.12446,0.058554,-0.026344,0.143453,0.051322,-0.014689,0.117333,0.052406,-0.029278,0.13409,0.049075,-0.022064,0.120214,0.060333,-0.02489,0.145557,0.061469,-0.005202,0.12814,0.058554,-0.026344,0.143453,0.05627,-0.00885,0.12139,0.052406,-0.029278,0.13409,0.054135,-0.016826,0.125097,0.073825,-0.014071,0.161721
2024,Australia,MEDIUM,2024_Australia,street,withheld,4.0,0.053874,0.007508,-0.075982,0.17408,0.282682,-0.072815,0.638178,0.0452,-0.025851,0.116251,0.03394,-0.035041,0.102922,0.03391,-0.057918,0.125738,0.029548,-0.038373,0.097469,0.033602,-0.054878,0.122081,0.028643,-0.042521,0.099806,-0.00627,-0.101434,0.088895,0.032619,-0.035369,0.100606,0.03391,-0.057918,0.125738,0.028446,-0.040092,0.096984,0.033602,-0.054878,0.122081,0.026529,-0.043869,0.096927,-0.003514,-0.100741,0.093713
2024,Austria,HARD,2024_Austria,permanent,issued,3.0,0.061378,0.124517,-0.097243,0.174982,0.109267,-0.24623,0.464764,0.030271,-0.040518,0.10106,0.043279,-0.025488,0.112046,0.034791,-0.053688,0.12327,0.042102,-0.024996,0.109199,0.039152,-0.049689,0.127994,0.051186,-0.020238,0.122611,0.035148,-0.065881,0.136176,0.047341,-0.019897,0.114579,0.034791,-0.053688,0.12327,0.046222,-0.021838,0.114283,0.039152,-0.049689,0.127994,0.054853,-0.017299,0.127005,0.035148,-0.065881,0.136176
2024,Austria,MEDIUM,2024_Austria,permanent,issued,4.0,0.084096,0.041766,-0.065587,0.148809,0.250321,-0.105176,0.605818,0.0452,-0.025589,0.115989,0.041327,-0.027439,0.110094,0.026256,-0.062223,0.114735,0.039115,-0.027982,0.106212,0.040831,-0.048011,0.129672,0.037441,-0.033984,0.108865,0.042378,-0.05865,0.143407,0.041349,-0.025889,0.108588,0.026256,-0.062223,0.114735,0.039247,-0.028813,0.107308,0.040831,-0.048011,0.129672,0.037657,-0.034496,0.109809,0.042378,-0.05865,0.143407
2024,Azerbaijan,HARD,2024_Azerbaijan,street,withheld,3.0,-0.003303,0.01832,-0.086236,0.165086,0.074056,-0.281441,0.429552,0.033189,-0.037862,0.10424,0.041683,-0.029307,0.112673,0.026257,-0.064316,0.11683,0.036958,-0.031394,0.105309,0.03997,-0.04675,0.126689,0.047964,-0.025175,0.121104,0.065561,-0.02594,0.157063,0.040515,-0.031616,0.112646,0.026257,-0.064316,0.11683,0.036026,-0.031747,0.103799,0.03997,-0.04675,0.126689,0.046482,-0.026664,0.119628,0.058475,-0.038915,0.155865
2024,Azerbaijan,MEDIUM,2024_Azerbaijan,street,issued,4.0,0.052736,0.071539,-0.015984,0.179571,0.077197,-0.2783,0.432694,0.0452,-0.025851,0.116251,0.048004,-0.022987,0.118994,0.03124,-0.059333,0.121813,0.043268,-0.025084,0.111619,0.042011,-0.044709,0.12873,0.049108,-0.024032,0.122248,0.024263,-0.067238,0.115764,0.04918,-0.022951,0.121311,0.03124,-0.059333,0.121813,0.044681,-0.023092,0.112454,0.042011,-0.044709,0.12873,0.050229,-0.022917,0.123376,0.031354,-0.066036,0.128744
2024,Barcelona,HARD,2024_Barcelona,permanent,issued,1.0,0.050538,0.028616,-0.010046,0.115669,0.269112,-0.086385,0.624609,0.030271,-0.040518,0.10106,0.046846,-0.024487,0.11818,0.037277,-0.052197,0.126751,0.047033,-0.022965,0.11703,0.038377,-0.049199,0.125953,0.058074,-0.012285,0.128433,0.035756,-0.090831,0.162343,0.045935,-0.025246,0.117116,0.037277,-0.052197,0.126751,0.046112,-0.022421,0.114645,0.038377,-0.049199,0.125953,0.056601,-0.014279,0.127481,0.035756,-0.090831,0.162343
2024,Barcelona,MEDIUM,2024_Barcelona,permanent,issued,2.0,0.056497,0.089641,0.046786,0.174093,0.367923,0.012427,0.72342,0.0452,-0.025589,0.115989,0.050784,-0.02055,0.122117,0.047624,-0.04185,0.137098,0.050685,-0.019313,0.120682,0.040715,-0.046862,0.128291,0.05068,-0.019679,0.121039,0.068458,-0.058129,0.195045,0.052727,-0.018454,0.123907,0.047624,-0.04185,0.137098,0.052632,-0.015901,0.121166,0.040715,-0.046862,0.128291,0.052628,-0.018252,0.123508,0.068458,-0.058129,0.195045
2024,Barcelona,SOFT,2024_Barcelona,permanent,issued,3.0,0.065017,0.122753,-0.113703,0.132877,0.177577,-0.17792,0.533073,0.04995,-0.02084,0.120739,0.058306,-0.013028,0.129639,0.08502,-0.004454,0.174493,0.062849,-0.007148,0.132846,0.071323,-0.016253,0.158899,0.069974,-0.000385,0.140333,0.092265,-0.034322,0.218851,0.061528,-0.009653,0.132709,0.08502,-0.004454,0.174493,0.065844,-0.002689,0.134377,0.071323,-0.016253,0.158899,0.072613,0.001733,0.143493,0.092265,-0.034322,0.218851
2024,Belgium,HARD,2024_Belgium,permanent,withheld,2.0,0.02887,0.007508,-0.069194,0.160536,0.221577,-0.123818,0.566972,0.033189,-0.03404,0.100418,0.072086,0.007503,0.136669,0.098879,0.014136,0.183622,0.073248,0.008318,0.138177,0.085655,0.001144,0.170166,0.08386,0.0139,0.15382,0.071428,-0.017475,0.160332,0.072086,0.007503,0.136669,0.098879,0.014136,0.183622,0.069961,0.007096,0.132826,0.085655,0.001144,0.170166,0.080043,0.013857,0.146229,0.068232,-0.019298,0.155763
2024,Belgium,MEDIUM,2024_Belgium,permanent,issued,3.0,0.01982,0.174411,0.10231,0.330999,0.144937,-0.200458,0.490331,0.046473,-0.020757,0.113702,0.076938,0.012355,0.141521,0.10636,0.021617,0.191103,0.077241,0.012311,0.14217,0.104441,0.01993,0.188951,0.07951,0.00955,0.14947,0.083573,-0.00533,0.172477,0.076938,0.012355,0.141521,0.10636,0.021617,0.191103,0.082099,0.019234,0.144964,0.104441,0.01993,0.188951,0.084255,0.018069,0.150441,0.088115,0.000585,0.175645
2024,Belgium,SOFT,2024_Belgium,permanent,issued,4.0,0.003989,0.406428,-0.31406,0.439004,0.393965,0.048571,0.73936,0.056387,-0.010842,0.123616,0.103009,0.038426,0.167592,0.179579,0.094836,0.264323,0.093342,0.028413,0.158272,0.169333,0.084822,0.253844,0.08494,0.01498,0.154899,0.229826,0.140923,0.31873,0.103009,0.038426,0.167592,0.179579,0.094836,0.264323,0.108997,0.046132,0.171862,0.169333,0.084822,0.253844,0.101014,0.034828,0.1672,0.238656,0.151126,0.326187
2024,Britain,HARD,2024_Britain,permanent,withheld,1.0,-0.009743,0.01832,-0.082415,0.159724,0.118571,-0.226824,0.463966,0.033189,-0.039522,0.1059,0.028561,-0.041212,0.098334,0.024314,-0.061983,0.11061,0.032474,-0.037495,0.102443,0.032482,-0.052029,0.116992,0.044484,-0.027847,0.116816,0.035279,-0.051171,0.121729,0.028561,-0.041212,0.098334,0.024314,-0.061983,0.11061,0.031766,-0.039023,0.102554,0.032482,-0.052029,0.116992,0.043176,-0.028562,0.114914,0.035279,-0.051171,0.121729
2024,Britain,MEDIUM,2024_Britain,permanent,issued,2.0,0.107593,0.046158,0.001903,0.086947,0.249839,-0.095556,0.595234,0.0452,-0.027511,0.117911,0.034137,-0.035636,0.10391,0.012702,-0.073594,0.098998,0.038514,-0.031455,0.108483,0.028735,-0.055776,0.113245,0.048706,-0.023626,0.121037,0.051617,-0.034833,0.138067,0.034137,-0.035636,0.10391,0.012702,-0.073594,0.098998,0.038896,-0.031892,0.109685,0.028735,-0.055776,0.113245,0.048578,-0.02316,0.120316,0.051617,-0.034833,0.138067
2024,Britain,SOFT,2024_Britain,permanent,issued,3.0,0.101192,0.311185,-0.270205,0.324256,0.497509,0.152114,0.842904,0.04995,-0.022761,0.12266,0.059046,-0.010728,0.128819,0.062173,-0.024123,0.14847,0.054856,-0.015113,0.124825,0.072675,-0.011836,0.157186,0.066728,-0.005603,0.13906,0.225395,0.138945,0.311845,0.059046,-0.010728,0.128819,0.062173,-0.024123,0.14847,0.067672,-0.003116,0.138461,0.072675,-0.011836,0.157186,0.078951,0.007213,0.150689,0.225395,0.138945,0.311845
2024,China,HARD,2024_China,permanent,issued,2.0,0.077562,0.202513,-0.054677,0.39828,0.262157,-0.09334,0.617653,0.030271,-0.039729,0.100271,0.054744,-0.012585,0.122073,0.078872,-0.005741,0.163485,0.054662,-0.015637,0.124961,0.067633,-0.015125,0.150391,0.042984,-0.022443,0.108411,0.092004,0.008418,0.17559,0.054744,-0.012585,0.122073,0.078872,-0.005741,0.163485,0.062055,-0.008974,0.133084,0.074377,-0.010275,0.159028,0.050961,-0.018025,0.119946,0.092004,0.008418,0.17559
2024,China,MEDIUM,2024_China,permanent,issued,3.0,0.104672,0.138619,-0.005097,0.326257,0.128702,-0.226794,0.484199,0.0452,-0.0248,0.1152,0.054912,-0.012417,0.122241,0.063048,-0.021565,0.14766,0.054673,-0.015626,0.124972,0.063217,-0.019541,0.145975,0.053526,-0.011901,0.118953,0.04752,-0.036066,0.131106,0.054912,-0.012417,0.122241,0.063048,-0.021565,0.14766,0.05887,-0.012159,0.129899,0.066987,-0.017665,0.151638,0.05778,-0.011205,0.126766,0.04752,-0.036066,0.131106
2024,China,SOFT,2024_China,permanent,withheld,4.0,0.190899,0.007508,-0.075223,0.117256,0.287026,-0.068471,0.642522,0.04995,-0.020051,0.11995,0.065586,-0.001743,0.132915,-0.005732,-0.090345,0.07888,0.058684,-0.011615,0.128982,0.028641,-0.054116,0.111399,0.044442,-0.020985,0.109869,0.023018,-0.060568,0.106603,0.065586,-0.001743,0.132915,-0.005732,-0.090345,0.07888,0.056125,-0.014904,0.127154,0.027585,-0.057067,0.112236,0.042595,-0.02639,0.111581,0.023018,-0.060568,0.106603
2024,Hungary,HARD,2024_Hungary,permanent,withheld,3.0,0.066401,0.007508,-0.075241,0.17148,0.059846,-0.29565,0.415343,0.030271,-0.040518,0.10106,0.047067,-0.024443,0.118576,0.03129,-0.058478,0.121059,0.047636,-0.022596,0.117867,0.03789,-0.047656,0.123436,0.056341,-0.017629,0.130311,0.03318,-0.07951,0.145869,0.045089,-0.026576,0.116753,0.03129,-0.058478,0.121059,0.045629,-0.025555,0.116813,0.03789,-0.047656,0.123436,0.053899,-0.021011,0.128809,0.03318,-0.07951,0.145869
2024,Hungary,MEDIUM,2024_Hungary,permanent,issued,4.0,0.062359,0.064668,0.020213,0.131696,0.235893,-0.119604,0.59139,0.0452,-0.025589,0.115989,0.053614,-0.017895,0.125124,0.057871,-0.031897,0.147639,0.055938,-0.014293,0.12617,0.056318,-0.029228,0.141864,0.059115,-0.014855,0.133086,0.070946,-0.041744,0.183635,0.054167,-0.017497,0.125832,0.057871,-0.031897,0.147639,0.056375,-0.014809,0.127559,0.056318,-0.029228,0.141864,0.059393,-0.015517,0.134303,0.070946,-0.041744,0.183635
2024,Imola,HARD,2024_Imola,permanent,issued,3.0,0.049202,0.022994,-0.006762,0.07888,0.139571,-0.215926,0.495067,0.030271,-0.040518,0.10106,0.042483,-0.028647,0.113613,0.02589,-0.059051,0.110832,0.036348,-0.033309,0.106006,0.02937,-0.055857,0.114597,0.027971,-0.045411,0.101352,0.02683,-0.074221,0.127881,0.041509,-0.029794,0.112812,0.02589,-0.059051,0.110832,0.035681,-0.033852,0.105213,0.02937,-0.055857,0.114597,0.027473,-0.043484,0.09843,0.02683,-0.074221,0.127881
2024,Imola,MEDIUM,2024_Imola,permanent,issued,4.0,0.051399,0.050561,0.013133,0.105875,0.189434,-0.166063,0.544931,0.0452,-0.025589,0.115989,0.046202,-0.024929,0.117332,0.03963,-0.045311,0.124572,0.041261,-0.028397,0.110918,0.036529,-0.048698,0.121756,0.035485,-0.037896,0.108867,0.054782,-0.046269,0.155833,0.04642,-0.024884,0.117723,0.03963,-0.045311,0.124572,0.041726,-0.027807,0.111258,0.036529,-0.048698,0.121756,0.036993,-0.033964,0.10795,0.054782,-0.046269,0.155833
2024,Japan,HARD,2024_Japan,permanent,withheld,1.0,0.049592,0.007508,-0.073409,0.168944,0.193551,-0.161945,0.549048,0.030271,-0.040518,0.10106,0.04284,-0.02829,0.11397,0.022401,-0.06254,0.107343,0.040685,-0.029314,0.110684,0.031267,-0.056915,0.11945,0.028727,-0.046973,0.104428,0.024408,-0.059298,0.108115,0.041073,-0.030621,0.112767,0.022401,-0.06254,0.107343,0.039026,-0.031791,0.109843,0.03008,-0.057391,0.11755,0.026606,-0.044543,0.097754,0.024408,-0.059298,0.108115
2024,Japan,MEDIUM,2024_Japan,permanent,issued,2.0,0.054356,0.047428,-0.017306,0.124747,0.209418,-0.146078,0.564915,0.0452,-0.025589,0.115989,0.049506,-0.021624,0.120636,0.026337,-0.058605,0.111279,0.048542,-0.021457,0.11854,0.03403,-0.054153,0.122213,0.042541,-0.033159,0.118242,0.049899,-0.033807,0.133605,0.049402,-0.022292,0.121096,0.026337,-0.058605,0.111279,0.048486,-0.022331,0.119303,0.034699,-0.052771,0.12217,0.04303,-0.028119,0.114179,0.049899,-0.033807,0.133605
2024,Japan,SOFT,2024_Japan,permanent,issued,3.0,0.074596,0.416646,-0.362618,0.441354,0.409779,0.054282,0.765275,0.04995,-0.02084,0.120739,0.065204,-0.005926,0.136334,0.138138,0.053196,0.22308,0.064244,-0.005754,0.134243,0.131517,0.043334,0.2197,0.050301,-0.0254,0.126002,0.314049,0.230343,0.397756,0.082776,0.011082,0.15447,0.138138,0.053196,0.22308,0.081865,0.011048,0.152681,0.145774,0.058304,0.233244,0.086936,0.015787,0.158084,0.314049,0.230343,0.397756
2024,LasVegas,MEDIUM,2024_LasVegas,street,withheld,4.0,0.107522,0.007508,-0.075197,0.117222,0.077066,-0.278431,0.432562,0.0452,-0.025851,0.116251,0.019061,-0.048865,0.086986,-0.001672,-0.08146,0.078116,0.019496,-0.049491,0.088483,0.017167,-0.069952,0.104285,0.026798,-0.0393,0.092896,-0.002036,-0.094538,0.090466,0.019061,-0.048865,0.086986,-0.001672,-0.08146,0.078116,0.018897,-0.050867,0.08866,0.017167,-0.069952,0.104285,0.024869,-0.045769,0.095508,-0.001559,-0.092549,0.08943
2024,Mexico,HARD,2024_Mexico,permanent,issued,3.0,0.013249,0.036739,-0.035493,0.124739,0.151343,-0.204153,0.50684,0.033189,-0.037862,0.10424,0.058345,-0.012653,0.129344,0.059542,-0.019608,0.138693,0.06044,-0.009884,0.130764,0.066085,-0.019732,0.151902,0.069173,-0.002696,0.141041,0.122469,0.027447,0.217492,0.057265,-0.010669,0.125199,0.059542,-0.019608,0.138693,0.059255,-0.011871,0.130381,0.066085,-0.019732,0.151902,0.065929,-0.005566,0.137425,0.105323,-0.002604,0.21325
2024,Mexico,MEDIUM,2024_Mexico,permanent,withheld,4.0,0.064419,0.007508,-0.07697,0.176049,0.239563,-0.115934,0.59506,0.0452,-0.025851,0.116251,0.056209,-0.01479,0.127207,0.03269,-0.04646,0.111841,0.054413,-0.015911,0.124737,0.03517,-0.050647,0.120987,0.06803,-0.003839,0.139898,0.08313,-0.011893,0.178152,0.053774,-0.01416,0.121708,0.03269,-0.04646,0.111841,0.052068,-0.019058,0.123193,0.03517,-0.050647,0.120987,0.061977,-0.009518,0.133473,0.068005,-0.039922,0.175932
2024,Miami,HARD,2024_Miami,street,issued,2.0,0.014607,0.08705,-0.01979,0.197931,0.143338,-0.212159,0.498835,0.033189,-0.037862,0.10424,0.03984,-0.032246,0.111926,0.016563,-0.068021,0.101147,0.03283,-0.03661,0.10227,0.020002,-0.067001,0.107004,0.03729,-0.034647,0.109228,0.066721,-0.024171,0.157612,0.0422,-0.030754,0.115155,0.016563,-0.068021,0.101147,0.035541,-0.034665,0.105747,0.020002,-0.067001,0.107004,0.042266,-0.031053,0.115586,0.066721,-0.024171,0.157612
2024,Miami,MEDIUM,2024_Miami,street,withheld,3.0,0.007245,0.01832,-0.085836,0.164526,0.230523,-0.124974,0.586019,0.046473,-0.024579,0.117524,0.039234,-0.032852,0.11132,0.034072,-0.050512,0.118656,0.033318,-0.036122,0.102758,0.038196,-0.048807,0.125198,0.031388,-0.04055,0.103326,0.027778,-0.063114,0.118669,0.038188,-0.034766,0.111143,0.034072,-0.050512,0.118656,0.032568,-0.037638,0.102774,0.038196,-0.048807,0.125198,0.030081,-0.043238,0.103401,0.027778,-0.063114,0.118669
2024,Monaco,HARD,2024_Monaco,street,withheld,3.0,-0.03404,0.02887,-0.085599,0.161485,-0.010359,-0.365856,0.345138,0.033189,-0.033893,0.100271,0.031001,-0.040128,0.102129,0.012403,-0.076147,0.100954,0.018917,-0.050377,0.088211,0.010991,-0.072333,0.094315,0.02115,-0.052009,0.094309,2.2e-05,-0.093012,0.093056,0.030894,-0.041485,0.103274,0.012403,-0.076147,0.100954,0.019415,-0.049244,0.088073,0.010991,-0.072333,0.094315,0.021922,-0.052329,0.096173,0.004349,-0.082609,0.091307
2024,Monaco,MEDIUM,2024_Monaco,street,withheld,4.0,-0.033242,0.02887,-0.085599,0.161485,0.176647,-0.178849,0.532144,0.046473,-0.020609,0.113555,0.035342,-0.035786,0.106471,0.033787,-0.054764,0.122338,0.024055,-0.045239,0.093349,0.02978,-0.053544,0.113104,0.025232,-0.047927,0.098391,0.023172,-0.069863,0.116206,0.035019,-0.037361,0.107398,0.033787,-0.054764,0.122338,0.024295,-0.044363,0.092953,0.02978,-0.053544,0.113104,0.025596,-0.048655,0.099847,0.024026,-0.062932,0.110984
2024,Qatar,HARD,2024_Qatar,permanent,withheld,1.0,-0.040518,0.02887,-0.079602,0.161934,-0.105144,-0.460641,0.250353,0.033189,-0.033893,0.100271,0.028991,-0.041568,0.09955,0.003764,-0.079229,0.086758,0.014772,-0.053094,0.082637,0.007289,-0.076993,0.091571,0.016377,-0.053385,0.086138,0.007156,-0.088698,0.103011,0.028985,-0.041733,0.099703,0.003764,-0.079229,0.086758,0.014772,-0.053094,0.082637,0.007289,-0.076993,0.091571,0.017002,-0.054365,0.088368,0.009328,-0.082194,0.10085
2024,Qatar,MEDIUM,2024_Qatar,permanent,withheld,2.0,-0.037467,0.02887,-0.079602,0.161934,-0.003377,-0.358874,0.35212,0.046473,-0.020609,0.113555,0.033657,-0.036902,0.104216,0.031519,-0.051475,0.114512,0.021403,-0.046463,0.089269,0.02917,-0.055111,0.113452,0.024878,-0.044884,0.09464,0.028893,-0.066962,0.124748,0.033418,-0.0373,0.104136,0.031519,-0.051475,0.114512,0.021403,-0.046463,0.089269,0.02917,-0.055111,0.113452,0.025078,-0.046289,0.096444,0.028891,-0.062631,0.120413
2024,Singapore,HARD,2024_Singapore,street,issued,3.0,0.050361,0.017812,-0.040971,0.110144,0.168304,-0.166879,0.503487,0.030271,-0.039729,0.100271,0.044637,-0.027458,0.116731,0.016867,-0.065474,0.099207,0.04019,-0.030949,0.111329,0.025023,-0.062184,0.11223,0.034745,-0.033854,0.103344,0.04823,-0.051919,0.148379,0.043295,-0.028511,0.115102,0.016867,-0.065474,0.099207,0.039071,-0.031207,0.109349,0.025023,-0.062184,0.11223,0.033052,-0.032789,0.098892,0.045188,-0.0498,0.140177
2024,Singapore,MEDIUM,2024_Singapore,street,issued,4.0,0.062767,0.039948,-0.043338,0.125476,0.418264,0.083081,0.753447,0.0452,-0.0248,0.1152,0.047439,-0.024655,0.119533,0.022233,-0.060108,0.104573,0.041937,-0.029203,0.113076,0.021455,-0.065752,0.108662,0.036177,-0.032423,0.104776,0.044348,-0.055801,0.144497,0.047064,-0.024742,0.118871,0.022233,-0.060108,0.104573,0.041837,-0.028441,0.112115,0.021455,-0.065752,0.108662,0.036554,-0.029287,0.102394,0.043908,-0.05108,0.138896
2024,Singapore,SOFT,2024_Singapore,street,issued,5.0,-0.00525,0.356714,-0.457419,0.431415,0.679141,0.343958,1.014324,0.056387,-0.013613,0.126387,0.063692,-0.008403,0.135786,0.111827,0.029486,0.194167,0.061102,-0.010037,0.132242,0.07729,-0.009916,0.164497,0.037138,-0.031461,0.105737,0.191022,0.090873,0.291171,0.078343,0.006536,0.150149,0.111827,0.029486,0.194167,0.075883,0.005605,0.146161,0.07729,-0.009916,0.164497,0.069096,0.003255,0.134936,0.207592,0.112603,0.30258
2024,USA,HARD,2024_USA,permanent,withheld,2.0,0.007771,0.018057,-0.086214,0.165633,0.009337,-0.34616,0.364834,0.033189,-0.037862,0.10424,0.034558,-0.036374,0.105491,-0.00705,-0.08866,0.07456,0.022402,-0.046812,0.091616,-0.01654,-0.101188,0.068109,0.031486,-0.04218,0.105153,0.046589,-0.042997,0.136174,0.033733,-0.038904,0.10637,-0.00705,-0.08866,0.07456,0.022185,-0.046681,0.09105,-0.01654,-0.101188,0.068109,0.030143,-0.041842,0.102128,0.042309,-0.04982,0.134438
2025,AbuDhabi,HARD,2025_AbuDhabi,permanent,issued,3.0,0.026371,0.062864,-0.005321,0.157473,0.23237,-0.123127,0.587866,0.033189,-0.037862,0.10424,0.046797,-0.024483,0.118077,0.041781,-0.04072,0.124282,0.0468,-0.022671,0.116272,0.049077,-0.035518,0.133671,0.048342,-0.021142,0.117826,0.050575,-0.049084,0.150233,0.0476,-0.024434,0.119635,0.041781,-0.04072,0.124282,0.047604,-0.021507,0.116714,0.049077,-0.035518,0.133671,0.049794,-0.019832,0.11942,0.052418,-0.045596,0.150431
2025,AbuDhabi,MEDIUM,2025_AbuDhabi,permanent,issued,4.0,0.08803,0.095405,-0.016287,0.152233,0.276963,-0.078534,0.63246,0.0452,-0.025851,0.116251,0.050236,-0.021044,0.121516,0.050533,-0.031968,0.133034,0.050147,-0.019325,0.119618,0.053874,-0.030721,0.138469,0.056686,-0.012798,0.12617,0.029998,-0.06966,0.129656,0.052494,-0.01954,0.124529,0.050533,-0.031968,0.133034,0.052409,-0.016701,0.12152,0.053874,-0.030721,0.138469,0.060558,-0.009068,0.130184,0.039809,-0.058204,0.137823
2025,Austria,HARD,2025_Austria,permanent,issued,3.0,0.048878,0.03991,-5.5e-05,0.121922,0.181993,-0.173504,0.53749,0.030271,-0.039729,0.100271,0.04486,-0.025515,0.115236,0.030865,-0.051769,0.113499,0.043499,-0.025368,0.112367,0.036482,-0.047753,0.120716,0.050295,-0.02321,0.123799,0.035833,-0.047482,0.119148,0.044613,-0.027285,0.116511,0.030865,-0.051769,0.113499,0.04332,-0.025217,0.111857,0.036653,-0.047067,0.120372,0.049256,-0.023088,0.1216,0.035833,-0.047482,0.119148
2025,Austria,MEDIUM,2025_Austria,permanent,issued,4.0,0.055576,0.039375,-0.017101,0.054774,0.153885,-0.201612,0.509381,0.0452,-0.0248,0.1152,0.04825,-0.022125,0.118626,0.037457,-0.045177,0.12009,0.047071,-0.021796,0.115939,0.039132,-0.045102,0.123367,0.048507,-0.024998,0.122012,0.036018,-0.047298,0.119333,0.047806,-0.024091,0.119704,0.037457,-0.045177,0.12009,0.046687,-0.02185,0.115223,0.039144,-0.044575,0.122864,0.047594,-0.02475,0.119937,0.036018,-0.047298,0.119333
2025,Austria,SOFT,2025_Austria,permanent,issued,5.0,0.04829,0.027101,0.002581,0.067939,0.228549,-0.126948,0.584046,0.056387,-0.013613,0.126387,0.053971,-0.016405,0.124346,0.062463,-0.020171,0.145097,0.05231,-0.016558,0.121177,0.055636,-0.028599,0.13987,0.052925,-0.02058,0.126429,0.038142,-0.045173,0.121457,0.052627,-0.019271,0.124525,0.062463,-0.020171,0.145097,0.051049,-0.017487,0.119586,0.054209,-0.029511,0.137928,0.050342,-0.022002,0.122686,0.038142,-0.045173,0.121457
2025,Bahrain,HARD,2025_Bahrain,permanent,withheld,1.0,0.115549,0.018681,-0.016369,0.069516,0.347141,-0.008355,0.702638,0.030271,-0.035411,0.095953,0.042174,-0.027502,0.111849,0.027676,-0.051516,0.106867,0.037723,-0.029722,0.105169,0.021535,-0.061642,0.104712,0.041792,-0.023426,0.107011,0.037511,-0.044231,0.119252,0.040999,-0.030302,0.1123,0.027676,-0.051516,0.106867,0.036771,-0.030415,0.103957,0.021535,-0.061642,0.104712,0.039481,-0.027224,0.106186,0.037511,-0.044231,0.119252
2025,Bahrain,MEDIUM,2025_Bahrain,permanent,issued,2.0,0.084793,0.163323,-0.038149,0.253883,0.13163,-0.223867,0.487127,0.0452,-0.020482,0.110882,0.047133,-0.022543,0.116808,0.055886,-0.023306,0.135077,0.04618,-0.021266,0.113625,0.046012,-0.037165,0.129189,0.045302,-0.019917,0.11052,0.026751,-0.05499,0.108492,0.052942,-0.018359,0.124243,0.055886,-0.023306,0.135077,0.052037,-0.015149,0.119223,0.046012,-0.037165,0.129189,0.057104,-0.009601,0.123809,0.026751,-0.05499,0.108492
2025,Bahrain,SOFT,2025_Bahrain,permanent,issued,3.0,0.12266,0.179853,0.035462,0.237374,0.281538,-0.073959,0.637034,0.04995,-0.015733,0.115632,0.061097,-0.008579,0.130772,0.083892,0.0047,0.163084,0.061098,-0.006347,0.128544,0.067379,-0.015798,0.150556,0.054956,-0.010263,0.120174,0.053317,-0.028425,0.135058,0.067034,-0.004266,0.138335,0.083892,0.0047,0.163084,0.067036,-0.00015,0.134221,0.067379,-0.015798,0.150556,0.067445,0.000741,0.13415,0.053317,-0.028425,0.135058
2025,Barcelona,MEDIUM,2025_Barcelona,permanent,issued,2.0,0.04456,0.15125,-0.043196,0.239764,0.223417,-0.132079,0.578914,0.046473,-0.025776,0.118721,0.05156,-0.018995,0.122116,0.064542,-0.01678,0.145864,0.053884,-0.014856,0.122624,0.058115,-0.028755,0.144984,0.05262,-0.01121,0.116449,0.017441,-0.078646,0.113529,0.056545,-0.015287,0.128377,0.064542,-0.01678,0.145864,0.058752,-0.011827,0.129332,0.058115,-0.028755,0.144984,0.062483,-0.010047,0.135013,0.030822,-0.064576,0.12622
2025,Barcelona,SOFT,2025_Barcelona,permanent,issued,3.0,0.081773,0.051789,0.01961,0.108849,0.099158,-0.256338,0.454655,0.04995,-0.022299,0.122198,0.058666,-0.01189,0.129221,0.07702,-0.004302,0.158342,0.059075,-0.009665,0.127815,0.061581,-0.025288,0.148451,0.055704,-0.008126,0.119534,0.074252,-0.021836,0.17034,0.058322,-0.01351,0.130154,0.07702,-0.004302,0.158342,0.05871,-0.011869,0.12929,0.061581,-0.025288,0.148451,0.055313,-0.017218,0.127843,0.072006,-0.023392,0.167404
2025,Belgium,HARD,2025_Belgium,permanent,withheld,1.0,0.018681,0.026359,-0.008549,0.087342,0.12206,-0.233437,0.477556,0.033189,-0.037862,0.10424,0.035976,-0.034618,0.10657,0.017486,-0.065826,0.100798,0.023191,-0.045429,0.09181,0.002697,-0.084992,0.090386,0.034916,-0.036981,0.106814,0.029871,-0.056932,0.116675,0.035495,-0.036333,0.107324,0.017486,-0.065826,0.100798,0.023349,-0.04723,0.093929,0.002697,-0.084992,0.090386,0.034488,-0.036589,0.105566,0.02952,-0.057472,0.116512
2025,Belgium,MEDIUM,2025_Belgium,permanent,withheld,3.0,-0.012338,0.026359,-0.008549,0.087342,-0.030621,-0.386117,0.324876,0.046473,-0.024579,0.117524,0.038129,-0.032465,0.108723,0.03313,-0.050182,0.116442,0.02601,-0.042609,0.09463,0.015609,-0.07208,0.103298,0.037313,-0.034585,0.10921,0.029994,-0.056809,0.116798,0.037541,-0.034288,0.10937,0.03313,-0.050182,0.116442,0.026028,-0.044552,0.096607,0.015609,-0.07208,0.103298,0.036765,-0.034312,0.107843,0.029631,-0.057362,0.116623
2025,Brazil,HARD,2025_Brazil,permanent,issued,2.0,0.116657,0.057089,0.016696,0.109147,0.132604,-0.222893,0.4881,0.030271,-0.039729,0.100271,0.041212,-0.02492,0.107343,0.036204,-0.047776,0.120184,0.040992,-0.026954,0.108938,0.041731,-0.043662,0.127124,0.039336,-0.025724,0.104396,0.045774,-0.043044,0.134593,0.041212,-0.02492,0.107343,0.036204,-0.047776,0.120184,0.041797,-0.026291,0.109884,0.041731,-0.043662,0.127124,0.041112,-0.024076,0.106299,0.046906,-0.042013,0.135825
2025,Brazil,MEDIUM,2025_Brazil,permanent,withheld,3.0,0.060683,0.018681,-0.013395,0.077012,0.012324,-0.343172,0.367821,0.0452,-0.0248,0.1152,0.044169,-0.021962,0.1103,0.045721,-0.038258,0.129701,0.036744,-0.031202,0.10469,0.028234,-0.057158,0.113627,0.037468,-0.027592,0.102528,0.025933,-0.062886,0.114752,0.044169,-0.021962,0.1103,0.045721,-0.038258,0.129701,0.035841,-0.032247,0.103928,0.028234,-0.057158,0.113627,0.035589,-0.029598,0.100777,0.025208,-0.063711,0.114127
2025,Canada,HARD,2025_Canada,street,withheld,4.0,0.005197,0.025725,-0.01813,0.083659,0.121969,-0.233527,0.477466,0.033189,-0.037862,0.10424,0.030356,-0.038078,0.09879,0.037012,-0.048365,0.122388,0.02721,-0.041037,0.095456,0.036245,-0.04671,0.119199,0.026907,-0.038298,0.092112,0.033653,-0.065962,0.133268,0.030356,-0.038078,0.09879,0.037012,-0.048365,0.122388,0.027135,-0.043886,0.098156,0.036245,-0.04671,0.119199,0.026789,-0.047373,0.100951,0.032464,-0.062695,0.127623
2025,Canada,MEDIUM,2025_Canada,street,issued,5.0,0.04584,0.038765,-0.009166,0.063643,0.137109,-0.218388,0.492606,0.045833,-0.025218,0.116884,0.038063,-0.030371,0.106498,0.034936,-0.050441,0.120313,0.034984,-0.033262,0.103231,0.03399,-0.048965,0.116944,0.035024,-0.030181,0.100229,0.022686,-0.076929,0.122301,0.038063,-0.030371,0.106498,0.034936,-0.050441,0.120313,0.035173,-0.035848,0.106194,0.03399,-0.048965,0.116944,0.035398,-0.038764,0.10956,0.025098,-0.070061,0.120257
2025,China,MEDIUM,2025_China,permanent,issued,3.0,0.041513,0.162892,-0.029759,0.27909,0.240402,-0.115095,0.595899,0.046473,-0.024579,0.117524,0.054478,-0.013664,0.12262,0.079861,-7e-06,0.159729,0.050538,-0.018829,0.119906,0.074235,-0.010892,0.159361,0.04609,-0.019452,0.111632,0.007416,-0.100466,0.115299,0.054478,-0.013664,0.12262,0.079861,-7e-06,0.159729,0.056156,-0.014865,0.127177,0.074235,-0.010892,0.159361,0.05777,-0.013096,0.128636,0.022964,-0.07075,0.116678
2025,Hungary,HARD,2025_Hungary,permanent,issued,3.0,0.034826,0.039698,-0.079247,0.21483,0.234851,-0.110543,0.580246,0.030271,-0.039729,0.100271,0.052993,-0.013435,0.119421,0.050952,-0.028273,0.130177,0.052624,-0.01496,0.120209,0.053198,-0.024568,0.130964,0.051605,-0.014011,0.11722,0.04494,-0.04247,0.13235,0.052993,-0.013435,0.119421,0.050952,-0.028273,0.130177,0.051978,-0.018907,0.122863,0.053198,-0.024568,0.130964,0.050414,-0.017999,0.118827,0.04494,-0.04247,0.13235
2025,Hungary,MEDIUM,2025_Hungary,permanent,issued,4.0,0.033844,0.116719,-0.029586,0.186613,0.215291,-0.130103,0.560686,0.046473,-0.023527,0.116473,0.056194,-0.010234,0.122621,0.06183,-0.017396,0.141055,0.053967,-0.013618,0.121551,0.060013,-0.017752,0.137779,0.048548,-0.017067,0.114163,0.05318,-0.03423,0.14059,0.056194,-0.010234,0.122621,0.06183,-0.017396,0.141055,0.057104,-0.013781,0.127989,0.060013,-0.017752,0.137779,0.055365,-0.013049,0.123778,0.05318,-0.03423,0.14059
2025,Hungary,SOFT,2025_Hungary,permanent,issued,5.0,0.171014,0.236893,-0.032839,0.263381,0.551171,0.205776,0.896565,0.04995,-0.020051,0.11995,0.062616,-0.003812,0.129044,0.062085,-0.01714,0.141311,0.054263,-0.013322,0.121847,0.058398,-0.019368,0.136164,0.040976,-0.024639,0.106591,0.111987,0.024577,0.199396,0.062616,-0.003812,0.129044,0.062085,-0.01714,0.141311,0.063394,-0.007491,0.134279,0.058398,-0.019368,0.136164,0.060567,-0.007846,0.128981,0.111987,0.024577,0.199396
2025,Imola,MEDIUM,2025_Imola,permanent,issued,5.0,0.004056,0.059781,-0.01385,0.117998,0.27482,-0.080677,0.630317,0.046473,-0.024579,0.117524,0.043008,-0.024666,0.110681,0.044169,-0.036119,0.124457,0.037244,-0.030719,0.105207,0.038063,-0.044002,0.120127,0.043505,-0.025695,0.112704,0.047105,-0.043743,0.137952,0.043008,-0.024666,0.110681,0.04495,-0.036685,0.126585,0.038371,-0.033409,0.110151,0.038063,-0.044002,0.120127,0.045132,-0.027767,0.118031,0.048372,-0.042309,0.139054
2025,Japan,HARD,2025_Japan,permanent,withheld,1.0,-0.002097,0.026359,-0.020548,0.090735,0.132288,-0.223209,0.487785,0.033189,-0.03404,0.100418,0.032429,-0.035501,0.10036,0.034193,-0.047071,0.115458,0.031964,-0.036399,0.100328,0.039271,-0.040401,0.118943,0.028824,-0.03836,0.096007,0.018007,-0.072841,0.108854,0.032429,-0.035501,0.10036,0.033802,-0.048019,0.115622,0.031964,-0.036399,0.100328,0.039271,-0.040401,0.118943,0.0287,-0.040161,0.097562,0.018424,-0.07234,0.109189
2025,Japan,MEDIUM,2025_Japan,permanent,withheld,2.0,0.015581,0.026359,-0.020548,0.090735,0.113263,-0.242234,0.468759,0.046473,-0.020757,0.113702,0.038476,-0.029455,0.106406,0.042583,-0.038681,0.123847,0.037791,-0.030572,0.106154,0.047744,-0.031928,0.127416,0.047176,-0.020008,0.114359,0.044475,-0.046373,0.135322,0.038476,-0.029455,0.106406,0.041772,-0.040049,0.123592,0.037791,-0.030572,0.106154,0.047744,-0.031928,0.127416,0.046135,-0.022726,0.114996,0.043569,-0.047196,0.134333
2025,Japan,SOFT,2025_Japan,permanent,issued,3.0,0.015546,0.072066,-0.019224,0.161293,0.264505,-0.090991,0.620002,0.056387,-0.010842,0.123616,0.057143,-0.010787,0.125073,0.056031,-0.025233,0.137295,0.05006,-0.018303,0.118423,0.053343,-0.026329,0.133015,0.042564,-0.02462,0.109747,0.059502,-0.031345,0.15035,0.057143,-0.010787,0.125073,0.056833,-0.024988,0.138653,0.05006,-0.018303,0.118423,0.053343,-0.026329,0.133015,0.044039,-0.024822,0.1129,0.06013,-0.030634,0.150895
2025,Mexico,HARD,2025_Mexico,permanent,withheld,2.0,0.013634,0.025725,-0.021235,0.08776,0.022008,-0.333489,0.377504,0.033189,-0.03404,0.100418,0.040971,-0.027336,0.109278,0.046438,-0.034886,0.127761,0.038428,-0.029071,0.105927,0.038046,-0.042675,0.118766,0.047509,-0.019395,0.114414,0.041511,-0.047449,0.13047,0.040971,-0.027336,0.109278,0.045402,-0.037491,0.128295,0.037793,-0.033064,0.10865,0.038046,-0.042675,0.118766,0.045331,-0.023711,0.114372,0.041511,-0.047449,0.13047
2025,Mexico,MEDIUM,2025_Mexico,permanent,issued,4.0,0.025626,0.146289,-0.045067,0.228477,0.243316,-0.112181,0.598813,0.046473,-0.020757,0.113702,0.053633,-0.014674,0.12194,0.056518,-0.024806,0.137841,0.050167,-0.017331,0.117666,0.05439,-0.02633,0.13511,0.050132,-0.016772,0.117036,0.068495,-0.020465,0.157455,0.053633,-0.014674,0.12194,0.061006,-0.021887,0.143899,0.054973,-0.015884,0.12583,0.05439,-0.02633,0.13511,0.059748,-0.009294,0.128789,0.068495,-0.020465,0.157455
2025,Mexico,SOFT,2025_Mexico,permanent,issued,5.0,0.046843,0.026913,-0.010528,0.083978,0.235749,-0.119747,0.591246,0.056387,-0.010842,0.123616,0.066251,-0.002056,0.134559,0.082144,0.000821,0.163467,0.05755,-0.009949,0.125049,0.069877,-0.010844,0.150597,0.044933,-0.021972,0.111837,0.037954,-0.051006,0.126914,0.066251,-0.002056,0.134559,0.079382,-0.003511,0.162276,0.056018,-0.014839,0.126875,0.069877,-0.010844,0.150597,0.043131,-0.025911,0.112172,0.037954,-0.051006,0.126914
2025,Miami,HARD,2025_Miami,street,withheld,3.0,0.026992,0.018681,-0.015138,0.083894,0.159098,-0.196399,0.514595,0.033189,-0.037862,0.10424,0.022612,-0.045695,0.090919,0.033386,-0.049335,0.116107,0.016672,-0.052798,0.086143,0.027376,-0.056393,0.111144,0.021185,-0.045719,0.088089,0.011608,-0.087807,0.111022,0.022612,-0.045695,0.090919,0.033386,-0.049335,0.116107,0.016773,-0.053542,0.087088,0.027376,-0.056393,0.111144,0.020935,-0.048915,0.090784,0.012669,-0.084943,0.11028
2025,Miami,MEDIUM,2025_Miami,street,issued,4.0,0.04777,0.066824,-0.013902,0.123687,0.112816,-0.242681,0.468313,0.0452,-0.025851,0.116251,0.030992,-0.037315,0.099299,0.018384,-0.064337,0.101105,0.026328,-0.043142,0.095799,0.018928,-0.06484,0.102696,0.034872,-0.032033,0.101776,0.038537,-0.060878,0.137951,0.030992,-0.037315,0.099299,0.018384,-0.064337,0.101105,0.028353,-0.041962,0.098668,0.018928,-0.06484,0.102696,0.038067,-0.031782,0.107916,0.04278,-0.054831,0.140391
2025,Monaco,HARD,2025_Monaco,street,withheld,4.0,0.033189,0.022203,-0.005316,0.084486,-0.063416,-0.418912,0.292081,0.030271,-0.040518,0.10106,0.020051,-0.049111,0.089213,0.020995,-0.060476,0.102467,0.016957,-0.050684,0.084597,0.021821,-0.059219,0.102862,0.031419,-0.039501,0.102338,0.027852,-0.065355,0.121058,0.020051,-0.049111,0.089213,0.020995,-0.060476,0.102467,0.017219,-0.053381,0.087819,0.021821,-0.059219,0.102862,0.030497,-0.04326,0.104254,0.027004,-0.063273,0.117282
2025,Monaco,MEDIUM,2025_Monaco,street,withheld,5.0,-0.019347,0.022203,-0.005316,0.084486,0.148074,-0.207423,0.50357,0.046473,-0.024316,0.117262,0.030171,-0.038991,0.099333,0.036909,-0.044563,0.118381,0.026962,-0.040678,0.094603,0.037974,-0.043067,0.119015,0.047067,-0.023853,0.117987,0.062757,-0.03045,0.155964,0.030171,-0.038991,0.099333,0.036909,-0.044563,0.118381,0.026724,-0.043875,0.097324,0.037974,-0.043067,0.119015,0.044581,-0.029177,0.118338,0.056674,-0.033604,0.146951
2025,SaudiArabia,HARD,2025_SaudiArabia,street,withheld,3.0,0.0155,0.022203,-0.020539,0.071458,0.21479,-0.140707,0.570286,0.033189,-0.037862,0.10424,0.0145,-0.053676,0.082676,-0.012588,-0.094377,0.0692,0.004624,-0.063016,0.072265,-0.025999,-0.107736,0.055738,0.017096,-0.052047,0.08624,0.020055,-0.073179,0.11329,0.0145,-0.053676,0.082676,-0.012588,-0.094377,0.0692,0.005503,-0.065132,0.076139,-0.025999,-0.107736,0.055738,0.017607,-0.051623,0.086837,0.020377,-0.075627,0.116382
2025,SaudiArabia,MEDIUM,2025_SaudiArabia,street,withheld,4.0,0.077204,0.022203,-0.020539,0.071458,0.238104,-0.117393,0.5936,0.0452,-0.025851,0.116251,0.026253,-0.041923,0.094429,0.024024,-0.057765,0.105812,0.022484,-0.045157,0.090125,0.029055,-0.052682,0.110792,0.032104,-0.03704,0.101248,0.013091,-0.080144,0.106326,0.026253,-0.041923,0.094429,0.024024,-0.057765,0.105812,0.02247,-0.048165,0.093105,0.029055,-0.052682,0.110792,0.031114,-0.038116,0.100344,0.014458,-0.081547,0.110462
2025,Singapore,HARD,2025_Singapore,street,withheld,3.0,0.053295,0.018681,-0.015307,0.08422,0.124477,-0.210706,0.45966,0.030271,-0.039729,0.100271,0.031733,-0.03725,0.100716,0.046558,-0.033088,0.126204,0.024242,-0.045363,0.093848,0.027679,-0.051208,0.106567,0.022011,-0.04868,0.092703,0.02374,-0.055548,0.103027,0.031081,-0.036842,0.099003,0.046558,-0.033088,0.126204,0.023964,-0.046595,0.094524,0.027679,-0.051208,0.106567,0.021678,-0.048694,0.09205,0.02374,-0.055548,0.103027
2025,Singapore,MEDIUM,2025_Singapore,street,issued,4.0,0.019894,0.37116,-0.064692,0.596207,0.436207,0.101024,0.77139,0.046473,-0.023527,0.116473,0.049793,-0.01919,0.118776,0.106006,0.02636,0.185652,0.049053,-0.020552,0.118659,0.087372,0.008485,0.16626,0.042121,-0.02857,0.112813,0.207258,0.12797,0.286545,0.065861,-0.002061,0.133784,0.106006,0.02636,0.185652,0.065159,-0.005401,0.135718,0.087372,0.008485,0.16626,0.075025,0.004653,0.145397,0.207258,0.12797,0.286545
2025,Singapore,SOFT,2025_Singapore,street,issued,5.0,0.031239,0.065843,-0.091572,0.234465,0.430367,0.095184,0.76555,0.056387,-0.013613,0.126387,0.05566,-0.013323,0.124643,0.06626,-0.013386,0.145906,0.043975,-0.02563,0.11358,0.047261,-0.031626,0.126149,0.038905,-0.031787,0.109596,0.045561,-0.033726,0.124849,0.056169,-0.011753,0.124092,0.06626,-0.013386,0.145906,0.045068,-0.025491,0.115628,0.047261,-0.031626,0.126149,0.041599,-0.028774,0.111971,0.045561,-0.033726,0.124849
2025,USA,HARD,2025_USA,permanent,withheld,1.0,0.043089,0.018681,-0.01498,0.08359,0.091111,-0.264386,0.446608,0.030271,-0.040518,0.10106,0.029435,-0.039235,0.098105,0.01318,-0.067871,0.094231,0.026692,-0.042566,0.09595,0.011983,-0.070516,0.094482,0.036161,-0.034421,0.106742,0.024784,-0.069886,0.119454,0.029435,-0.039235,0.098105,0.01318,-0.067871,0.094231,0.026291,-0.04434,0.096923,0.011983,-0.070516,0.094482,0.034413,-0.035744,0.10457,0.024174,-0.070364,0.118711
2025,Zandvoort,HARD,2025_Zandvoort,permanent,withheld,2.0,0.025725,0.018681,-0.015223,0.084058,0.227179,-0.128317,0.582676,0.033189,-0.034744,0.101122,0.032496,-0.036006,0.100998,0.024826,-0.054781,0.104432,0.03143,-0.037828,0.100688,0.029422,-0.053917,0.11276,0.021467,-0.043958,0.086891,0.011983,-0.08196,0.105925,0.031805,-0.035661,0.09927,0.024826,-0.054781,0.104432,0.030792,-0.039675,0.10126,0.029422,-0.053917,0.11276,0.021188,-0.0499,0.092276,0.012317,-0.076613,0.101248
2025,Zandvoort,MEDIUM,2025_Zandvoort,permanent,issued,3.0,0.038959,0.042063,-0.008729,0.074636,0.198919,-0.156578,0.554416,0.046473,-0.02146,0.114406,0.042592,-0.02591,0.111094,0.023775,-0.055831,0.103382,0.041363,-0.027895,0.110621,0.031945,-0.051393,0.115283,0.037129,-0.028295,0.102554,0.032533,-0.061409,0.126476,0.042565,-0.0249,0.110031,0.023775,-0.055831,0.103382,0.041398,-0.029069,0.111865,0.031945,-0.051393,0.115283,0.037623,-0.033466,0.108711,0.03301,-0.055921,0.12194
2025,Zandvoort,SOFT,2025_Zandvoort,permanent,issued,4.0,0.051609,0.130714,0.033255,0.20176,0.397004,0.041507,0.752501,0.054727,-0.013206,0.12266,0.05754,-0.010962,0.126042,0.057084,-0.022523,0.13669,0.04755,-0.021708,0.116808,0.041878,-0.041461,0.125216,0.044143,-0.021281,0.109567,0.060651,-0.033292,0.154593,0.061198,-0.006267,0.128664,0.057084,-0.022523,0.13669,0.051708,-0.018759,0.122175,0.041878,-0.041461,0.125216,0.0528,-0.018288,0.123888,0.064154,-0.024777,0.153085
2026,Australia,HARD,2026_Australia,street,withheld,3.0,0.043861,0.027578,-0.01714,0.088882,0.179601,-0.175896,0.535098,0.030271,-0.040518,0.10106,0.02626,-0.042639,0.095159,0.021514,-0.065671,0.1087,0.022881,-0.047479,0.093241,0.024371,-0.057769,0.10651,0.019668,-0.049678,0.089014,0.024188,-0.069986,0.118362,0.02626,-0.042639,0.095159,0.021514,-0.065671,0.1087,0.023116,-0.048044,0.094276,0.024371,-0.057769,0.10651,0.020459,-0.048586,0.089504,0.024527,-0.067782,0.116836
2026,Australia,MEDIUM,2026_Australia,street,withheld,4.0,0.022326,0.027578,-0.01714,0.088882,0.174159,-0.181337,0.529656,0.046473,-0.024316,0.117262,0.035285,-0.033614,0.104184,0.047917,-0.039269,0.135103,0.031832,-0.038528,0.102192,0.045344,-0.036795,0.127483,0.026623,-0.042723,0.095968,0.02239,-0.071783,0.116564,0.035285,-0.033614,0.104184,0.047917,-0.039269,0.135103,0.031619,-0.039541,0.10278,0.045344,-0.036795,0.127483,0.026718,-0.042327,0.095763,0.022909,-0.0694,0.115218
2026,Australia,SOFT,2026_Australia,street,issued,5.0,0.061165,0.019788,-0.033644,0.071851,0.07603,-0.279467,0.431527,0.04995,-0.02084,0.120739,0.045627,-0.023272,0.114527,0.02488,-0.062306,0.112066,0.036794,-0.033566,0.107154,0.024383,-0.057756,0.106523,0.036625,-0.032721,0.105971,0.030099,-0.064075,0.124273,0.045627,-0.023272,0.114527,0.02488,-0.062306,0.112066,0.035944,-0.035216,0.107104,0.024383,-0.057756,0.106523,0.034941,-0.034104,0.103986,0.029068,-0.063241,0.121377
2026,Austria,HARD,2026_Austria,permanent,issued,3.0,0.078648,0.067201,-0.002036,0.136788,0.109145,-0.236249,0.45454,0.030271,-0.040518,0.10106,0.056551,-0.012287,0.125389,0.062416,-0.016608,0.14144,0.054466,-0.015385,0.124317,0.061249,-0.021052,0.14355,0.054787,-0.014778,0.124353,0.06838,-0.019139,0.1559,0.056551,-0.012287,0.125389,0.062655,-0.016477,0.141787,0.055103,-0.01569,0.125896,0.061249,-0.021052,0.14355,0.056029,-0.015054,0.127111,0.06838,-0.019139,0.1559
2026,Austria,MEDIUM,2026_Austria,permanent,issued,4.0,0.075906,0.068682,0.039904,0.186368,0.121429,-0.223965,0.466824,0.0452,-0.025589,0.115989,0.060878,-0.00796,0.129716,0.067666,-0.011358,0.14669,0.057926,-0.011924,0.127777,0.070521,-0.01178,0.152822,0.067416,-0.00215,0.136981,0.069794,-0.017726,0.157313,0.060878,-0.00796,0.129716,0.067717,-0.011415,0.146849,0.058464,-0.012329,0.129257,0.070521,-0.01178,0.152822,0.067542,-0.00354,0.138625,0.069794,-0.017726,0.157313
2026,Austria,SOFT,2026_Austria,permanent,issued,5.0,0.067658,0.134791,0.040987,0.300869,0.43616,0.090765,0.781554,0.04995,-0.02084,0.120739,0.077979,0.009141,0.146817,0.100583,0.021559,0.179607,0.067145,-0.002705,0.136996,0.088393,0.006092,0.170694,0.058542,-0.011024,0.128107,0.078416,-0.009103,0.165936,0.077979,0.009141,0.146817,0.102294,0.023162,0.181426,0.070528,-0.000265,0.141321,0.088393,0.006092,0.170694,0.066167,-0.004916,0.137249,0.078416,-0.009103,0.165936
2026,Barcelona,HARD,2026_Barcelona,permanent,withheld,2.0,0.100271,0.0255,-0.020516,0.073356,0.201768,-0.153729,0.557264,0.030271,-0.034738,0.09528,0.063067,-0.002477,0.128612,0.068955,-0.007992,0.145902,0.061538,-0.002888,0.125963,0.05596,-0.019835,0.131754,0.060838,-0.002003,0.123679,0.024822,-0.050722,0.100365,0.063067,-0.002477,0.128612,0.068955,-0.007992,0.145902,0.059736,-0.008368,0.12784,0.05596,-0.019835,0.131754,0.057304,-0.007997,0.122605,0.024822,-0.050722,0.100365
2026,Barcelona,MEDIUM,2026_Barcelona,permanent,issued,3.0,0.132152,0.146053,0.069744,0.353151,0.369161,0.013665,0.724658,0.0452,-0.019809,0.110209,0.067322,0.001777,0.132867,0.076639,-0.000308,0.153586,0.067319,0.002894,0.131744,0.07561,-0.000185,0.151404,0.063505,0.000664,0.126346,0.032783,-0.04276,0.108327,0.067322,0.001777,0.132867,0.076639,-0.000308,0.153586,0.071256,0.003152,0.139359,0.07561,-0.000185,0.151404,0.07176,0.006458,0.137061,0.032783,-0.04276,0.108327
2026,Barcelona,SOFT,2026_Barcelona,permanent,issued,4.0,0.212729,0.211841,0.027515,0.521928,0.321938,-0.033559,0.677435,0.04995,-0.015059,0.114959,0.082203,0.016659,0.147748,0.106651,0.029704,0.183598,0.077202,0.012777,0.141627,0.094875,0.019081,0.17067,0.057979,-0.004862,0.12082,0.068778,-0.006765,0.144321,0.082203,0.016659,0.147748,0.106651,0.029704,0.183598,0.083934,0.01583,0.152038,0.094875,0.019081,0.17067,0.073365,0.008064,0.138667,0.068778,-0.006765,0.144321
2026,Belgium,HARD,2026_Belgium,permanent,withheld,2.0,0.056348,0.0255,-0.013043,0.085371,0.100876,-0.254621,0.456373,0.030271,-0.039729,0.100271,0.04955,-0.016193,0.115293,0.05267,-0.023143,0.128483,0.050487,-0.015228,0.116202,0.05637,-0.026642,0.139382,0.056679,-0.006807,0.120166,0.055369,-0.029784,0.140521,0.04955,-0.016193,0.115293,0.05267,-0.023143,0.128483,0.049238,-0.021309,0.119785,0.05637,-0.026642,0.139382,0.053561,-0.012212,0.119335,0.050888,-0.034965,0.136742
2026,Belgium,MEDIUM,2026_Belgium,permanent,issued,3.0,0.049791,0.069819,0.031033,0.182087,0.213856,-0.141641,0.569352,0.0452,-0.0248,0.1152,0.052082,-0.013661,0.117825,0.052457,-0.023356,0.12827,0.054613,-0.011102,0.120328,0.068153,-0.014858,0.151165,0.068186,0.004699,0.131672,0.048587,-0.036565,0.13374,0.052082,-0.013661,0.117825,0.052457,-0.023356,0.12827,0.055374,-0.015174,0.125921,0.068153,-0.014858,0.151165,0.068349,0.002575,0.134123,0.051772,-0.034081,0.137626
2026,Belgium,SOFT,2026_Belgium,permanent,issued,4.0,0.185678,0.153414,0.033687,0.299042,0.114095,-0.241402,0.469591,0.04995,-0.020051,0.11995,0.065673,-6.9e-05,0.131416,0.079344,0.003532,0.155157,0.062804,-0.002911,0.128519,0.082658,-0.000354,0.16567,0.068649,0.005163,0.132136,-0.011972,-0.097124,0.073181,0.065673,-6.9e-05,0.131416,0.079344,0.003532,0.155157,0.067335,-0.003213,0.137882,0.082658,-0.000354,0.16567,0.077126,0.011352,0.1429,0.012836,-0.073017,0.098689
2026,Britain,HARD,2026_Britain,permanent,withheld,1.0,0.038433,0.0255,-0.012173,0.085672,0.013882,-0.341614,0.369379,0.030271,-0.040518,0.10106,0.033759,-0.035116,0.102634,0.035945,-0.043668,0.115558,0.034468,-0.035243,0.10418,0.046845,-0.035365,0.129056,0.034096,-0.031127,0.099318,0.034383,-0.055537,0.124304,0.033759,-0.035116,0.102634,0.035945,-0.043668,0.115558,0.03402,-0.03664,0.10468,0.046845,-0.035365,0.129056,0.033236,-0.037728,0.1042,0.033495,-0.056416,0.123406
2026,Canada,HARD,2026_Canada,street,withheld,3.0,-0.005252,0.030271,0.022055,0.074029,-0.050655,-0.406152,0.304842,0.033189,-0.03404,0.100418,0.034356,-0.029291,0.098004,0.056959,-0.022294,0.136213,0.033884,-0.035827,0.103595,0.060945,-0.019921,0.141811,0.051703,-0.01352,0.116925,0.03377,-0.058095,0.125634,0.034356,-0.029291,0.098004,0.056959,-0.022294,0.136213,0.033703,-0.036957,0.104364,0.060945,-0.019921,0.141811,0.049559,-0.021404,0.120523,0.03342,-0.058241,0.12508
2026,Canada,SOFT,2026_Canada,street,withheld,5.0,-0.009341,0.030271,0.022055,0.074029,0.080618,-0.274879,0.436114,0.056387,-0.010842,0.123616,0.054589,-0.009059,0.118237,0.087451,0.008198,0.166705,0.047721,-0.021991,0.117432,0.088382,0.007517,0.169248,0.050022,-0.015201,0.115245,0.041793,-0.050071,0.133657,0.054589,-0.009059,0.118237,0.087451,0.008198,0.166705,0.046848,-0.023812,0.117508,0.088382,0.007517,0.169248,0.048047,-0.022917,0.11901,0.040641,-0.05102,0.132301
2026,Hungary,HARD,2026_Hungary,permanent,issued,3.0,0.060777,0.051619,-0.038997,0.140321,0.20956,-0.135835,0.554954,0.030271,-0.039729,0.100271,0.050706,-0.013982,0.115394,0.040643,-0.038478,0.119763,0.047909,-0.021846,0.117664,0.038011,-0.044281,0.120303,0.036525,-0.029505,0.102555,0.050968,-0.038956,0.140892,0.050706,-0.013982,0.115394,0.040643,-0.038478,0.119763,0.048094,-0.022624,0.118813,0.038011,-0.044281,0.120303,0.038034,-0.030108,0.106176,0.050968,-0.038956,0.140892
2026,Hungary,MEDIUM,2026_Hungary,permanent,issued,4.0,0.042304,0.057689,0.027208,0.153138,0.284865,-0.060529,0.63026,0.046473,-0.023527,0.116473,0.054894,-0.009795,0.119582,0.050063,-0.029057,0.129184,0.050705,-0.01905,0.120459,0.048672,-0.033619,0.130964,0.042142,-0.023888,0.108172,0.051161,-0.038763,0.141085,0.054894,-0.009795,0.119582,0.050063,-0.029057,0.129184,0.051054,-0.019664,0.121772,0.048672,-0.033619,0.130964,0.043697,-0.024445,0.111839,0.051161,-0.038763,0.141085
2026,Hungary,SOFT,2026_Hungary,permanent,issued,5.0,0.041257,0.132484,0.035988,0.29448,0.542289,0.196894,0.887684,0.056387,-0.013613,0.126387,0.078405,0.013717,0.143093,0.089247,0.010126,0.168367,0.067123,-0.002632,0.136878,0.073933,-0.008358,0.156225,0.050816,-0.015214,0.116846,0.060347,-0.029577,0.150271,0.078405,0.013717,0.143093,0.089247,0.010126,0.168367,0.070391,-0.000328,0.141109,0.073933,-0.008358,0.156225,0.058983,-0.009159,0.127125,0.060347,-0.029577,0.150271
2026,Japan,HARD,2026_Japan,permanent,withheld,1.0,0.023422,0.028924,-0.017205,0.089737,0.098911,-0.256586,0.454408,0.033189,-0.037862,0.10424,0.033062,-0.031403,0.097527,0.026826,-0.052294,0.105947,0.030849,-0.038906,0.100604,0.014449,-0.065866,0.094765,0.014318,-0.049944,0.07858,0.003182,-0.081994,0.088357,0.033062,-0.031403,0.097527,0.026826,-0.052294,0.105947,0.030753,-0.039949,0.101455,0.014449,-0.065866,0.094765,0.015779,-0.052363,0.083921,0.004469,-0.080766,0.089704
2026,Japan,MEDIUM,2026_Japan,permanent,issued,2.0,0.038218,0.019139,-0.00837,0.051476,0.264126,-0.09137,0.619623,0.046473,-0.024579,0.117524,0.042454,-0.022011,0.106919,0.024932,-0.054188,0.104053,0.040234,-0.029521,0.109989,0.022493,-0.057822,0.102808,0.029921,-0.034341,0.094182,0.03715,-0.048026,0.122325,0.042454,-0.022011,0.106919,0.024932,-0.054188,0.104053,0.039179,-0.031522,0.109881,0.022493,-0.057822,0.102808,0.028842,-0.0393,0.096984,0.036249,-0.048986,0.121484
2026,Miami,HARD,2026_Miami,street,issued,3.0,0.056933,0.048877,-0.005698,0.104882,0.047813,-0.297582,0.393207,0.030271,-0.039729,0.100271,0.048921,-0.018875,0.116717,0.070555,-0.008566,0.149675,0.049372,-0.020383,0.119127,0.090052,0.009405,0.170699,0.041728,-0.021759,0.105215,0.046819,-0.037612,0.131251,0.048921,-0.018875,0.116717,0.070555,-0.008566,0.149675,0.049347,-0.021445,0.120139,0.090052,0.009405,0.170699,0.042443,-0.025699,0.110585,0.046819,-0.037612,0.131251
2026,Miami,MEDIUM,2026_Miami,street,issued,4.0,0.049636,0.025985,-0.013154,0.070646,0.127495,-0.217899,0.47289,0.0452,-0.0248,0.1152,0.05454,-0.013256,0.122336,0.070209,-0.008911,0.14933,0.053719,-0.016035,0.123474,0.092092,0.011445,0.172739,0.043608,-0.019879,0.107095,0.045008,-0.039423,0.12944,0.05454,-0.013256,0.122336,0.070209,-0.008911,0.14933,0.052333,-0.018459,0.123125,0.092092,0.011445,0.172739,0.041846,-0.026296,0.109988,0.045008,-0.039423,0.12944
2026,Miami,SOFT,2026_Miami,street,withheld,5.0,0.017649,0.028924,-0.017105,0.090509,0.495062,0.149667,0.840456,0.056387,-0.013613,0.126387,0.072577,0.004781,0.140373,0.100239,0.021119,0.17936,0.060695,-0.00906,0.13045,0.097199,0.016552,0.177846,0.048553,-0.014934,0.11204,0.022196,-0.062236,0.106628,0.072577,0.004781,0.140373,0.100239,0.021119,0.17936,0.059106,-0.011686,0.129899,0.097199,0.016552,0.177846,0.04659,-0.021552,0.114732,0.022196,-0.062236,0.106628
2026,Monza,HARD,2026_Monza,permanent,withheld,3.0,0.023035,0.030271,-0.02161,0.092069,0.056329,-0.299168,0.411825,0.033189,-0.03404,0.100418,0.043004,-0.023168,0.109177,0.0516,-0.026135,0.129335,0.040783,-0.028994,0.110561,0.049366,-0.031239,0.12997,0.03462,-0.029982,0.099221,0.040936,-0.045682,0.127553,0.043004,-0.023168,0.109177,0.0516,-0.026135,0.129335,0.040258,-0.030827,0.111342,0.049366,-0.031239,0.12997,0.034185,-0.032471,0.10084,0.040936,-0.045682,0.127553
2026,Monza,MEDIUM,2026_Monza,permanent,withheld,4.0,0.027578,0.030271,-0.02161,0.092069,0.128366,-0.22713,0.483863,0.046473,-0.020757,0.113702,0.046327,-0.019845,0.1125,0.064486,-0.013249,0.142221,0.042796,-0.026982,0.112574,0.060001,-0.020603,0.140605,0.028377,-0.036225,0.092978,0.025011,-0.061606,0.111629,0.046327,-0.019845,0.1125,0.064486,-0.013249,0.142221,0.04217,-0.028915,0.113254,0.060001,-0.020603,0.140605,0.028566,-0.038089,0.095222,0.025011,-0.061606,0.111629
2026,Monza,SOFT,2026_Monza,permanent,issued,5.0,0.024605,0.024493,-0.035769,0.095904,0.242376,-0.11312,0.597873,0.056387,-0.010842,0.123616,0.060638,-0.005534,0.12681,0.072499,-0.005236,0.150234,0.053722,-0.016056,0.123499,0.057932,-0.022673,0.138536,0.056633,-0.007969,0.121235,0.057711,-0.028906,0.144329,0.060638,-0.005534,0.12681,0.072499,-0.005236,0.150234,0.05226,-0.018824,0.123345,0.057932,-0.022673,0.138536,0.053419,-0.013237,0.120075,0.057711,-0.028906,0.144329
2026,Zandvoort,HARD,2026_Zandvoort,permanent,withheld,2.0,0.030271,0.023422,-0.015315,0.067903,0.023129,-0.332368,0.378625,0.033189,-0.03404,0.100418,0.020943,-0.044739,0.086626,0.005066,-0.071933,0.082066,0.015535,-0.054576,0.085646,-0.00762,-0.090165,0.074924,0.015239,-0.047822,0.078299,0.008265,-0.077751,0.094281,0.020943,-0.044739,0.086626,0.005066,-0.071933,0.082066,0.015929,-0.05558,0.087439,-0.00762,-0.090165,0.074924,0.016057,-0.048477,0.080591,0.008265,-0.077751,0.094281
2026,Zandvoort,MEDIUM,2026_Zandvoort,permanent,withheld,3.0,0.072584,0.023422,-0.015315,0.067903,-0.014028,-0.369525,0.341469,0.0452,-0.022029,0.112429,0.026854,-0.038829,0.092536,0.01385,-0.063149,0.090849,0.021909,-0.048202,0.09202,0.009796,-0.072749,0.09234,0.025238,-0.037823,0.088298,0.015843,-0.070173,0.101859,0.026854,-0.038829,0.092536,0.01385,-0.063149,0.090849,0.021985,-0.049525,0.093495,0.009796,-0.072749,0.09234,0.025056,-0.039478,0.08959,0.015843,-0.070173,0.101859
2026,Zandvoort,SOFT,2026_Zandvoort,permanent,issued,4.0,0.036958,0.037284,-0.107718,0.199087,0.175403,-0.180094,0.530899,0.056387,-0.010842,0.123616,0.044752,-0.020931,0.110434,0.024882,-0.052117,0.101881,0.033609,-0.036502,0.10372,0.003366,-0.079178,0.085911,0.026226,-0.036835,0.089286,0.018649,-0.067367,0.104665,0.044752,-0.020931,0.110434,0.024882,-0.052117,0.101881,0.033793,-0.037717,0.105303,0.003366,-0.079178,0.085911,0.027331,-0.037203,0.091866,0.018649,-0.067367,0.104665
