session,Driver,LapNumber,Stint,Compound,TyreLife,lap_s,traffic,reason
FP1,ALB,2,1.0,MEDIUM,2.0,105.421,0.0,cool-down / aborted (>105% of run best)
FP1,ALB,3,1.0,MEDIUM,3.0,103.624,0.0,kept
FP1,ALB,4,1.0,MEDIUM,4.0,147.755,0.3005464480874317,traffic (>30% of lap within 60 m of a car)
FP1,ALB,5,1.0,MEDIUM,5.0,102.531,0.0656167979002624,kept
FP1,ALB,6,1.0,MEDIUM,6.0,136.989,0.0293560606060606,cool-down / aborted (>105% of run best)
FP1,ALB,7,1.0,MEDIUM,7.0,100.124,0.0108843537414965,kept
FP1,ALB,8,1.0,MEDIUM,8.0,137.297,0.2051526717557251,cool-down / aborted (>105% of run best)
FP1,ALB,9,1.0,MEDIUM,9.0,118.562,0.0820224719101123,cool-down / aborted (>105% of run best)
FP1,ALB,10,1.0,MEDIUM,10.0,99.51,0.11455525606469,kept
FP1,ALB,12,1.0,MEDIUM,12.0,99.778,0.0781456953642384,kept
FP1,ALB,13,1.0,MEDIUM,13.0,149.452,0.0933572710951526,cool-down / aborted (>105% of run best)
FP1,ALB,14,1.0,MEDIUM,14.0,99.415,0.014627659574468,kept
FP1,ALB,17,2.0,SOFT,2.0,97.88,0.0497237569060773,short run (<5 clean laps)
FP1,ALB,20,3.0,SOFT,5.0,117.716,0.0,short run (<5 clean laps)
FP1,ALB,21,3.0,SOFT,6.0,98.307,0.3739837398373983,yellow / SC / VSC / red flag
FP1,ALB,23,3.0,SOFT,8.0,97.591,0.0095759233926128,short run (<5 clean laps)
FP1,ALB,24,3.0,SOFT,9.0,147.182,0.0725294650951949,short run (<5 clean laps)
FP1,ALB,25,3.0,SOFT,10.0,149.854,0.028156221616712,pit in/out lap
FP1,ALO,2,1.0,MEDIUM,2.0,102.662,0.0258397932816537,short run (<5 clean laps)
FP1,ALO,3,1.0,MEDIUM,3.0,109.128,0.3002450980392157,traffic (>30% of lap within 60 m of a car)
FP1,ALO,4,1.0,MEDIUM,4.0,100.157,0.0,short run (<5 clean laps)
FP1,ALO,5,1.0,MEDIUM,5.0,101.11,0.7144754316069057,traffic (>30% of lap within 60 m of a car)
FP1,ALO,6,1.0,MEDIUM,6.0,120.008,0.7903402854006586,traffic (>30% of lap within 60 m of a car)
FP1,ALO,7,1.0,MEDIUM,7.0,99.375,,no gap-to-car-ahead data
FP1,ALO,8,1.0,MEDIUM,8.0,128.939,0.8299894403379092,traffic (>30% of lap within 60 m of a car)
FP1,ALO,9,1.0,MEDIUM,9.0,98.766,,no gap-to-car-ahead data
FP1,ALO,10,1.0,MEDIUM,10.0,129.509,0.1868583162217659,pit in/out lap
FP1,ALO,12,2.0,MEDIUM,12.0,98.01,0.1084010840108401,short run (<5 clean laps)
FP1,ALO,13,2.0,MEDIUM,13.0,128.201,0.0165118679050567,short run (<5 clean laps)
FP1,ALO,14,2.0,MEDIUM,14.0,115.979,0.0598591549295774,short run (<5 clean laps)
FP1,ALO,15,2.0,MEDIUM,15.0,108.077,0.4034869240348692,pit in/out lap
FP1,ALO,17,3.0,SOFT,2.0,119.53,0.2413019079685746,cool-down / aborted (>105% of run best)
FP1,ALO,18,3.0,SOFT,3.0,97.354,0.0753424657534246,kept
FP1,ALO,19,3.0,SOFT,4.0,138.838,0.0762548262548262,cool-down / aborted (>105% of run best)
FP1,ALO,20,3.0,SOFT,5.0,124.23,0.0302702702702702,cool-down / aborted (>105% of run best)
FP1,ALO,21,3.0,SOFT,6.0,96.473,0.0921787709497206,kept
FP1,ALO,22,3.0,SOFT,7.0,149.505,0.0591397849462365,cool-down / aborted (>105% of run best)
FP1,ALO,23,3.0,SOFT,8.0,129.411,0.0091836734693877,lap deleted (track limits)
FP1,ALO,24,3.0,SOFT,9.0,112.616,0.0326481257557436,cool-down / aborted (>105% of run best)
FP1,ALO,25,3.0,SOFT,10.0,119.252,0.2486187845303867,cool-down / aborted (>105% of run best)
FP1,ALO,26,3.0,SOFT,11.0,135.664,0.0189431704885343,cool-down / aborted (>105% of run best)
FP1,ANT,2,1.0,MEDIUM,2.0,117.307,0.1532349602724177,lap deleted (track limits)
FP1,ANT,3,1.0,MEDIUM,3.0,97.294,0.1442307692307692,short run (<5 clean laps)
FP1,ANT,5,1.0,MEDIUM,5.0,127.206,0.1594202898550724,short run (<5 clean laps)
FP1,ANT,6,1.0,MEDIUM,6.0,116.611,0.2013498312710911,lap deleted (track limits)
FP1,ANT,7,1.0,MEDIUM,7.0,96.843,0.1071932299012694,lap deleted (track limits)
FP1,ANT,8,1.0,MEDIUM,8.0,142.15,0.2398897058823529,lap deleted (track limits)
FP1,ANT,9,1.0,MEDIUM,9.0,123.543,0.0331196581196581,lap deleted (track limits)
FP1,ANT,10,1.0,MEDIUM,10.0,95.148,0.014367816091954,short run (<5 clean laps)
FP1,ANT,11,1.0,MEDIUM,11.0,136.929,0.486854917234664,pit in/out lap
FP1,ANT,13,2.0,SOFT,2.0,94.865,0.131054131054131,short run (<5 clean laps)
FP1,ANT,14,2.0,SOFT,3.0,144.996,0.0348943985307621,pit in/out lap
FP1,ANT,16,3.0,SOFT,5.0,94.683,0.0,short run (<5 clean laps)
FP1,ANT,17,3.0,SOFT,6.0,139.007,0.0323809523809523,pit in/out lap
FP1,ANT,19,4.0,SOFT,8.0,126.446,0.2415611814345991,short run (<5 clean laps)
FP1,ANT,20,4.0,SOFT,9.0,126.25,0.1684322033898305,short run (<5 clean laps)
FP1,ANT,21,4.0,SOFT,10.0,94.363,0.0,short run (<5 clean laps)
FP1,ANT,22,4.0,SOFT,11.0,134.67,0.0399600399600399,pit in/out lap
FP1,ANT,24,5.0,MEDIUM,13.0,99.838,0.0356164383561643,lap deleted (track limits)
FP1,ANT,25,5.0,MEDIUM,14.0,99.481,0.1462765957446808,short run (<5 clean laps)
FP1,ANT,26,5.0,MEDIUM,15.0,144.016,0.0960820895522388,short run (<5 clean laps)
FP1,BEA,2,1.0,MEDIUM,2.0,103.615,0.0,short run (<5 clean laps)
FP1,BEA,3,1.0,MEDIUM,3.0,127.469,0.2703549060542797,pit in/out lap
FP1,BEA,5,2.0,MEDIUM,5.0,100.162,0.029891304347826,short run (<5 clean laps)
FP1,BEA,6,2.0,MEDIUM,6.0,99.63,0.081578947368421,short run (<5 clean laps)
FP1,BEA,9,3.0,MEDIUM,9.0,98.301,0.0054421768707482,short run (<5 clean laps)
FP1,BEA,10,3.0,MEDIUM,10.0,145.571,0.022140221402214,pit in/out lap
FP1,BEA,12,4.0,MEDIUM,12.0,97.738,0.0892608089260808,short run (<5 clean laps)
FP1,BEA,13,4.0,MEDIUM,13.0,120.618,0.293007769145394,pit in/out lap
FP1,BEA,15,5.0,SOFT,2.0,124.769,0.2665245202558635,short run (<5 clean laps)
FP1,BEA,16,5.0,SOFT,3.0,96.972,0.0990371389270976,short run (<5 clean laps)
FP1,BEA,19,6.0,SOFT,6.0,96.853,0.0193103448275862,short run (<5 clean laps)
FP1,BEA,20,6.0,SOFT,7.0,138.783,0.0355427473583093,pit in/out lap
FP1,BEA,22,7.0,SOFT,9.0,96.757,0.0247592847317744,lap deleted (track limits)
FP1,BEA,23,7.0,SOFT,10.0,123.665,0.4600431965442764,lap deleted (track limits)
FP1,BOR,2,1.0,HARD,2.0,100.695,0.1248339973439575,short run (<5 clean laps)
FP1,BOR,3,1.0,HARD,3.0,99.042,0.0174966352624495,short run (<5 clean laps)
FP1,BOR,4,1.0,HARD,4.0,99.028,0.1121751025991792,short run (<5 clean laps)
FP1,BOR,6,1.0,HARD,6.0,104.557,0.0361596009975062,pit in/out lap
FP1,BOR,8,2.0,HARD,8.0,97.665,0.0855614973262032,kept
FP1,BOR,9,2.0,HARD,9.0,139.329,0.0483870967741935,cool-down / aborted (>105% of run best)
FP1,BOR,10,2.0,HARD,10.0,96.62,0.0097765363128491,kept
FP1,BOR,12,2.0,HARD,12.0,96.299,0.0,kept
FP1,BOR,14,2.0,HARD,14.0,96.139,0.0334728033472803,kept
FP1,BOR,15,2.0,HARD,15.0,135.416,0.0549450549450549,cool-down / aborted (>105% of run best)
FP1,BOR,16,2.0,HARD,16.0,101.205,0.0,pit in/out lap
FP1,BOR,18,3.0,SOFT,2.0,95.652,0.0405594405594405,short run (<5 clean laps)
FP1,BOR,19,3.0,SOFT,3.0,148.571,0.10062893081761,pit in/out lap
FP1,BOR,21,4.0,SOFT,5.0,96.024,0.0587412587412587,short run (<5 clean laps)
FP1,BOR,23,5.0,SOFT,7.0,142.682,0.1163227016885553,pit in/out lap
FP1,BOR,24,5.0,SOFT,8.0,98.497,0.0,yellow / SC / VSC / red flag
FP1,BOR,25,5.0,SOFT,9.0,118.279,0.0,short run (<5 clean laps)
FP1,BOR,26,5.0,SOFT,10.0,139.449,0.0262910798122065,short run (<5 clean laps)
FP1,BOR,27,5.0,SOFT,11.0,140.501,0.0,pit in/out lap
FP1,BOT,2,1.0,MEDIUM,2.0,105.102,0.0,kept
FP1,BOT,3,1.0,MEDIUM,3.0,103.465,0.0,kept
FP1,BOT,4,1.0,MEDIUM,4.0,103.603,0.1010362694300518,kept
FP1,BOT,5,1.0,MEDIUM,5.0,138.711,0.169260700389105,cool-down / aborted (>105% of run best)
FP1,BOT,6,1.0,MEDIUM,6.0,121.787,0.1190223166843783,cool-down / aborted (>105% of run best)
FP1,BOT,7,1.0,MEDIUM,7.0,101.506,0.0318302387267904,kept
FP1,BOT,8,1.0,MEDIUM,8.0,129.845,0.0509683995922528,cool-down / aborted (>105% of run best)
FP1,BOT,9,1.0,MEDIUM,9.0,101.312,0.0288335517693315,kept
FP1,BOT,10,1.0,MEDIUM,10.0,145.321,0.1155963302752293,cool-down / aborted (>105% of run best)
FP1,BOT,11,1.0,MEDIUM,11.0,120.735,0.4756097560975609,pit in/out lap
FP1,BOT,13,2.0,MEDIUM,13.0,100.932,0.0653333333333333,short run (<5 clean laps)
FP1,BOT,14,2.0,MEDIUM,14.0,134.329,0.0364891518737672,pit in/out lap
FP1,BOT,16,3.0,SOFT,2.0,100.363,0.1516778523489932,kept
FP1,BOT,17,3.0,SOFT,3.0,139.678,0.0518731988472622,cool-down / aborted (>105% of run best)
FP1,BOT,18,3.0,SOFT,4.0,127.159,0.0136268343815513,cool-down / aborted (>105% of run best)
FP1,BOT,19,3.0,SOFT,5.0,125.789,0.082441113490364,cool-down / aborted (>105% of run best)
FP1,BOT,20,3.0,SOFT,6.0,99.284,0.0,kept
FP1,BOT,21,3.0,SOFT,7.0,143.5,0.1669793621013133,cool-down / aborted (>105% of run best)
FP1,BOT,22,3.0,SOFT,8.0,129.106,0.0489073881373569,cool-down / aborted (>105% of run best)
FP1,BOT,23,3.0,SOFT,9.0,134.914,0.2576204523107178,lap deleted (track limits)
FP1,BOT,24,3.0,SOFT,10.0,98.818,0.0272479564032697,kept
FP1,BOT,25,3.0,SOFT,11.0,126.238,0.0885416666666666,pit in/out lap
FP1,COL,3,2.0,MEDIUM,2.0,101.965,0.0787096774193548,kept
FP1,COL,4,2.0,MEDIUM,3.0,100.214,0.1561238223418573,kept
FP1,COL,5,2.0,MEDIUM,4.0,109.482,0.1856796116504854,cool-down / aborted (>105% of run best)
FP1,COL,6,2.0,MEDIUM,5.0,100.107,0.0309139784946236,kept
FP1,COL,7,2.0,MEDIUM,6.0,98.62,0.0436562073669849,kept
FP1,COL,8,2.0,MEDIUM,7.0,140.303,0.1388367729831144,cool-down / aborted (>105% of run best)
FP1,COL,9,2.0,MEDIUM,8.0,98.289,0.0780821917808219,kept
FP1,COL,10,2.0,MEDIUM,9.0,99.55,0.1616847826086956,kept
FP1,COL,11,2.0,MEDIUM,10.0,98.593,0.0562414266117969,kept
FP1,COL,12,2.0,MEDIUM,11.0,120.656,0.004343105320304,pit in/out lap
FP1,COL,14,3.0,MEDIUM,14.0,98.918,0.2571428571428571,short run (<5 clean laps)
FP1,COL,15,3.0,MEDIUM,15.0,113.593,0.0704225352112676,pit in/out lap
FP1,COL,16,4.0,SOFT,1.0,143.8,0.012037037037037,pit in/out lap
FP1,COL,17,4.0,SOFT,2.0,96.398,0.0797202797202797,short run (<5 clean laps)
FP1,COL,19,4.0,SOFT,4.0,95.933,0.0665742024965325,short run (<5 clean laps)
FP1,COL,21,4.0,SOFT,6.0,135.498,0.0747295968534906,lap deleted (track limits)
FP1,COL,22,4.0,SOFT,7.0,97.099,0.0,short run (<5 clean laps)
FP1,COL,23,4.0,SOFT,8.0,125.104,0.1566137566137566,short run (<5 clean laps)
FP1,COL,24,4.0,SOFT,9.0,137.935,0.2078817733990147,pit in/out lap
FP1,GAS,3,2.0,MEDIUM,2.0,104.897,0.1363636363636363,cool-down / aborted (>105% of run best)
FP1,GAS,4,2.0,MEDIUM,3.0,100.448,0.0574866310160427,kept
FP1,GAS,6,2.0,MEDIUM,5.0,123.948,0.0140388768898488,cool-down / aborted (>105% of run best)
FP1,GAS,7,2.0,MEDIUM,6.0,98.041,0.04,kept
FP1,GAS,8,2.0,MEDIUM,7.0,133.957,0.0108910891089108,cool-down / aborted (>105% of run best)
FP1,GAS,9,2.0,MEDIUM,8.0,98.087,0.0784044016506189,kept
FP1,GAS,10,2.0,MEDIUM,9.0,136.663,0.0246305418719211,pit in/out lap
FP1,GAS,12,3.0,MEDIUM,12.0,97.207,0.0611111111111111,short run (<5 clean laps)
FP1,GAS,13,3.0,MEDIUM,13.0,131.868,0.0161290322580645,pit in/out lap
FP1,GAS,15,4.0,SOFT,2.0,96.244,0.1671309192200557,kept
FP1,GAS,16,4.0,SOFT,3.0,142.408,0.0225776105362182,cool-down / aborted (>105% of run best)
FP1,GAS,17,4.0,SOFT,4.0,125.147,0.0580645161290322,cool-down / aborted (>105% of run best)
FP1,GAS,18,4.0,SOFT,5.0,96.275,0.0629370629370629,kept
FP1,GAS,19,4.0,SOFT,6.0,136.758,0.0154738878143133,yellow / SC / VSC / red flag
FP1,GAS,20,4.0,SOFT,7.0,125.469,0.0237580993520518,cool-down / aborted (>105% of run best)
FP1,GAS,21,4.0,SOFT,8.0,95.757,0.1034482758620689,lap deleted (track limits)
FP1,GAS,22,4.0,SOFT,9.0,148.888,0.0675675675675675,cool-down / aborted (>105% of run best)
FP1,GAS,23,4.0,SOFT,10.0,136.025,0.4728915662650602,pit in/out lap
FP1,HAM,2,1.0,MEDIUM,2.0,99.431,0.0878378378378378,kept
FP1,HAM,3,1.0,MEDIUM,3.0,123.833,0.024704618689581,cool-down / aborted (>105% of run best)
FP1,HAM,4,1.0,MEDIUM,4.0,96.066,0.1386554621848739,kept
FP1,HAM,6,1.0,MEDIUM,6.0,95.563,0.1187584345479082,kept
FP1,HAM,8,1.0,MEDIUM,8.0,116.954,0.2452407614781634,cool-down / aborted (>105% of run best)
FP1,HAM,9,1.0,MEDIUM,9.0,123.691,0.0416666666666666,cool-down / aborted (>105% of run best)
FP1,HAM,10,1.0,MEDIUM,10.0,94.803,0.0641025641025641,kept
FP1,HAM,13,2.0,MEDIUM,13.0,132.118,0.0,short run (<5 clean laps)
FP1,HAM,14,2.0,MEDIUM,14.0,94.62,0.0100143061516452,short run (<5 clean laps)
FP1,HAM,15,2.0,MEDIUM,15.0,111.143,0.0,pit in/out lap
FP1,HAM,17,3.0,SOFT,2.0,131.879,0.1671701913393756,cool-down / aborted (>105% of run best)
FP1,HAM,18,3.0,SOFT,3.0,133.544,0.0080645161290322,cool-down / aborted (>105% of run best)
FP1,HAM,19,3.0,SOFT,4.0,94.625,0.0625,lap deleted (track limits)
FP1,HAM,21,3.0,SOFT,6.0,137.92,0.0586510263929618,cool-down / aborted (>105% of run best)
FP1,HAM,22,3.0,SOFT,7.0,131.016,0.0379487179487179,cool-down / aborted (>105% of run best)
FP1,HAM,23,3.0,SOFT,8.0,137.445,0.021133525456292,yellow / SC / VSC / red flag
FP1,HAM,24,3.0,SOFT,9.0,94.865,0.0541310541310541,kept
FP1,HAM,26,3.0,SOFT,11.0,130.49,0.0,cool-down / aborted (>105% of run best)
FP1,HAM,27,3.0,SOFT,12.0,139.508,0.288201160541586,pit in/out lap
FP1,HUL,2,1.0,MEDIUM,2.0,100.846,0.0518134715025906,kept
FP1,HUL,3,1.0,MEDIUM,3.0,99.69,0.077733860342556,lap deleted (track limits)
FP1,HUL,4,1.0,MEDIUM,4.0,140.817,0.4152380952380952,traffic (>30% of lap within 60 m of a car)
FP1,HUL,5,1.0,MEDIUM,5.0,97.56,0.0522788203753351,lap deleted (track limits)
FP1,HUL,6,1.0,MEDIUM,6.0,147.934,0.03770197486535,cool-down / aborted (>105% of run best)
FP1,HUL,7,1.0,MEDIUM,7.0,96.613,0.0252100840336134,kept
FP1,HUL,8,1.0,MEDIUM,8.0,147.256,0.028130671506352,cool-down / aborted (>105% of run best)
FP1,HUL,9,1.0,MEDIUM,9.0,96.086,0.1157601115760111,kept
FP1,HUL,10,1.0,MEDIUM,10.0,119.048,0.0697674418604651,pit in/out lap
FP1,HUL,12,2.0,SOFT,2.0,95.91,0.0249653259361997,short run (<5 clean laps)
FP1,HUL,13,2.0,SOFT,3.0,138.157,0.0,pit in/out lap
FP1,HUL,14,3.0,SOFT,4.0,145.67,0.0156682027649769,pit in/out lap
FP1,HUL,15,3.0,SOFT,5.0,95.533,0.0771349862258953,short run (<5 clean laps)
FP1,HUL,16,3.0,SOFT,6.0,143.393,0.0283286118980169,pit in/out lap
FP1,HUL,18,4.0,SOFT,2.0,95.529,0.1346423562412342,kept
FP1,HUL,19,4.0,SOFT,3.0,127.114,0.162046908315565,cool-down / aborted (>105% of run best)
FP1,HUL,20,4.0,SOFT,4.0,97.348,0.110958904109589,kept
FP1,HUL,21,4.0,SOFT,5.0,97.921,0.0426997245179063,kept
FP1,HUL,22,4.0,SOFT,6.0,98.204,0.0426098535286285,yellow / SC / VSC / red flag
FP1,HUL,23,4.0,SOFT,7.0,98.068,0.0,kept
FP1,HUL,24,4.0,SOFT,8.0,100.467,0.2241379310344827,cool-down / aborted (>105% of run best)
FP1,HUL,25,4.0,SOFT,9.0,148.439,0.0701438848920863,cool-down / aborted (>105% of run best)
FP1,HUL,26,4.0,SOFT,10.0,133.959,0.0437881873727087,pit in/out lap
FP1,LAW,2,1.0,MEDIUM,2.0,100.283,0.2084993359893758,kept
FP1,LAW,3,1.0,MEDIUM,3.0,99.148,0.1763122476446837,kept
FP1,LAW,4,1.0,MEDIUM,4.0,148.454,0.1138433515482695,cool-down / aborted (>105% of run best)
FP1,LAW,5,1.0,MEDIUM,5.0,96.833,0.1537414965986394,kept
FP1,LAW,7,1.0,MEDIUM,7.0,97.237,0.2016689847009735,kept
FP1,LAW,8,1.0,MEDIUM,8.0,131.747,0.3489065606361829,pit in/out lap
FP1,LAW,10,2.0,SOFT,2.0,95.691,0.1178918169209431,short run (<5 clean laps)
FP1,LAW,11,2.0,SOFT,3.0,137.817,0.075268817204301,pit in/out lap
FP1,LAW,13,3.0,SOFT,5.0,95.539,0.077683615819209,short run (<5 clean laps)
FP1,LAW,14,3.0,SOFT,6.0,117.775,0.0,pit in/out lap
FP1,LAW,16,4.0,SOFT,8.0,101.736,0.0462351387054161,kept
FP1,LAW,17,4.0,SOFT,9.0,101.194,0.014454664914586,kept
FP1,LAW,18,4.0,SOFT,10.0,100.242,0.1225033288948069,kept
FP1,LAW,19,4.0,SOFT,11.0,100.565,0.1246684350132626,kept
FP1,LAW,20,4.0,SOFT,12.0,100.898,0.1747311827956989,kept
FP1,LAW,21,4.0,SOFT,13.0,101.923,0.0131752305665349,kept
FP1,LAW,22,4.0,SOFT,14.0,103.16,0.0154838709677419,kept
FP1,LAW,23,4.0,SOFT,15.0,106.156,0.045,pit in/out lap
FP1,LAW,24,5.0,MEDIUM,9.0,126.356,0.0436170212765957,pit in/out lap
FP1,LAW,25,5.0,MEDIUM,10.0,144.863,0.1257976298997265,short run (<5 clean laps)
FP1,LAW,26,5.0,MEDIUM,11.0,145.448,0.0412371134020618,pit in/out lap
FP1,LEC,2,1.0,MEDIUM,2.0,102.003,0.0105124835742444,cool-down / aborted (>105% of run best)
FP1,LEC,3,1.0,MEDIUM,3.0,98.504,0.0134589502018842,kept
FP1,LEC,4,1.0,MEDIUM,4.0,133.896,0.0383451059535822,lap deleted (track limits)
FP1,LEC,5,1.0,MEDIUM,5.0,96.725,0.0375,kept
FP1,LEC,6,1.0,MEDIUM,6.0,134.974,0.1413461538461538,cool-down / aborted (>105% of run best)
FP1,LEC,7,1.0,MEDIUM,7.0,95.668,0.0368794326241134,kept
FP1,LEC,8,1.0,MEDIUM,8.0,141.017,0.1220657276995305,cool-down / aborted (>105% of run best)
FP1,LEC,9,1.0,MEDIUM,9.0,96.0,0.125,kept
FP1,LEC,10,1.0,MEDIUM,10.0,137.03,0.2099609375,cool-down / aborted (>105% of run best)
FP1,LEC,11,1.0,MEDIUM,11.0,114.914,0.1585081585081585,cool-down / aborted (>105% of run best)
FP1,LEC,12,1.0,MEDIUM,12.0,94.683,1.0,traffic (>30% of lap within 60 m of a car)
FP1,LEC,13,1.0,MEDIUM,13.0,147.052,0.0919854280510018,cool-down / aborted (>105% of run best)
FP1,LEC,14,1.0,MEDIUM,14.0,110.648,,pit in/out lap
FP1,LEC,16,2.0,SOFT,2.0,95.571,0.0098730606488011,short run (<5 clean laps)
FP1,LEC,17,2.0,SOFT,3.0,122.904,0.0301075268817204,short run (<5 clean laps)
FP1,LEC,18,2.0,SOFT,4.0,109.148,0.0236318407960199,pit in/out lap
FP1,LEC,20,3.0,SOFT,6.0,95.149,0.0126760563380281,kept
FP1,LEC,21,3.0,SOFT,7.0,130.788,0.0196078431372549,cool-down / aborted (>105% of run best)
FP1,LEC,22,3.0,SOFT,8.0,123.822,0.2912621359223301,cool-down / aborted (>105% of run best)
FP1,LEC,23,3.0,SOFT,9.0,129.297,0.0512820512820512,yellow / SC / VSC / red flag
FP1,LEC,24,3.0,SOFT,10.0,94.536,0.0,kept
FP1,LEC,25,3.0,SOFT,11.0,118.33,0.1235827664399093,cool-down / aborted (>105% of run best)
FP1,LEC,26,3.0,SOFT,12.0,131.8,0.0,cool-down / aborted (>105% of run best)
FP1,LEC,27,3.0,SOFT,13.0,145.825,0.0379629629629629,pit in/out lap
FP1,LIN,2,1.0,MEDIUM,2.0,100.133,0.152086137281292,kept
FP1,LIN,3,1.0,MEDIUM,3.0,110.147,0.4012121212121212,traffic (>30% of lap within 60 m of a car)
FP1,LIN,4,1.0,MEDIUM,4.0,98.395,0.0642954856361149,kept
FP1,LIN,6,1.0,MEDIUM,6.0,97.51,0.0631720430107526,kept
FP1,LIN,7,1.0,MEDIUM,7.0,131.732,0.2006172839506173,cool-down / aborted (>105% of run best)
FP1,LIN,8,1.0,MEDIUM,8.0,115.642,0.2333709131905298,cool-down / aborted (>105% of run best)
FP1,LIN,9,1.0,MEDIUM,9.0,96.973,0.1527967257844474,kept
FP1,LIN,10,1.0,MEDIUM,10.0,148.731,0.0606334841628959,cool-down / aborted (>105% of run best)
FP1,LIN,11,1.0,MEDIUM,11.0,111.615,0.0862275449101796,cool-down / aborted (>105% of run best)
FP1,LIN,12,1.0,MEDIUM,12.0,106.191,0.2289603960396039,pit in/out lap
FP1,LIN,14,2.0,SOFT,2.0,95.819,0.036734693877551,short run (<5 clean laps)
FP1,LIN,15,2.0,SOFT,3.0,141.619,0.0504281636536631,pit in/out lap
FP1,LIN,16,3.0,SOFT,4.0,148.773,0.0385650224215246,lap deleted (track limits)
FP1,LIN,17,3.0,SOFT,5.0,95.655,0.0191780821917808,short run (<5 clean laps)
FP1,LIN,18,3.0,SOFT,6.0,137.382,0.0292397660818713,pit in/out lap
FP1,LIN,20,4.0,SOFT,8.0,95.033,0.0314285714285714,short run (<5 clean laps)
FP1,LIN,21,4.0,SOFT,9.0,123.87,0.015069967707212,pit in/out lap
FP1,LIN,23,5.0,SOFT,11.0,95.629,0.6285310734463276,traffic (>30% of lap within 60 m of a car)
FP1,LIN,24,5.0,SOFT,12.0,104.818,0.0,yellow / SC / VSC / red flag
FP1,LIN,25,5.0,SOFT,13.0,99.675,0.0,short run (<5 clean laps)
FP1,LIN,26,5.0,SOFT,14.0,102.218,0.0,short run (<5 clean laps)
FP1,LIN,28,5.0,SOFT,16.0,142.476,0.1844106463878327,pit in/out lap
FP1,NOR,2,1.0,MEDIUM,2.0,99.567,0.0443548387096774,kept
FP1,NOR,3,1.0,MEDIUM,3.0,131.302,0.0236625514403292,cool-down / aborted (>105% of run best)
FP1,NOR,4,1.0,MEDIUM,4.0,97.251,0.081043956043956,lap deleted (track limits)
FP1,NOR,6,1.0,MEDIUM,6.0,96.687,0.0637720488466757,kept
FP1,NOR,7,1.0,MEDIUM,7.0,142.589,0.0566037735849056,cool-down / aborted (>105% of run best)
FP1,NOR,8,1.0,MEDIUM,8.0,96.091,0.1775956284153005,kept
FP1,NOR,11,2.0,MEDIUM,11.0,110.827,0.0422705314009661,short run (<5 clean laps)
FP1,NOR,12,2.0,MEDIUM,12.0,96.528,0.0341530054644808,short run (<5 clean laps)
FP1,NOR,13,2.0,MEDIUM,13.0,112.826,0.008313539192399,pit in/out lap
FP1,NOR,15,3.0,SOFT,2.0,95.035,0.0522598870056497,lap deleted (track limits)
FP1,NOR,17,3.0,SOFT,4.0,94.947,0.0691114245416079,kept
FP1,NOR,18,3.0,SOFT,5.0,117.603,0.0330296127562642,cool-down / aborted (>105% of run best)
FP1,NOR,19,3.0,SOFT,6.0,96.792,0.0564738292011019,kept
FP1,NOR,20,3.0,SOFT,7.0,96.735,0.0237762237762237,kept
FP1,NOR,21,3.0,SOFT,8.0,102.233,0.292267365661861,cool-down / aborted (>105% of run best)
FP1,NOR,22,3.0,SOFT,9.0,98.099,0.0257801899592944,lap deleted (track limits)
FP1,NOR,23,3.0,SOFT,10.0,99.625,0.5006622516556292,yellow / SC / VSC / red flag
FP1,NOR,24,3.0,SOFT,11.0,101.654,0.1556728232189973,pit in/out lap
FP1,NOR,25,4.0,MEDIUM,14.0,124.535,0.1505376344086021,pit in/out lap
FP1,NOR,26,4.0,MEDIUM,15.0,130.803,0.0390143737166324,lap deleted (track limits)
FP1,OCO,2,1.0,MEDIUM,2.0,104.336,,no gap-to-car-ahead data
FP1,OCO,3,1.0,MEDIUM,3.0,133.705,0.7028913260219342,pit in/out lap
FP1,OCO,5,2.0,MEDIUM,5.0,101.182,0.0609597924773022,short run (<5 clean laps)
FP1,OCO,6,2.0,MEDIUM,6.0,99.416,0.0481283422459893,short run (<5 clean laps)
FP1,OCO,7,2.0,MEDIUM,7.0,143.389,0.211864406779661,pit in/out lap
FP1,OCO,9,3.0,MEDIUM,9.0,97.986,0.0524137931034482,short run (<5 clean laps)
FP1,OCO,10,3.0,MEDIUM,10.0,138.608,0.0583173996175908,short run (<5 clean laps)
FP1,OCO,11,3.0,MEDIUM,11.0,97.701,0.0432960893854748,short run (<5 clean laps)
FP1,OCO,12,3.0,MEDIUM,12.0,136.678,0.0610837438423645,pit in/out lap
FP1,OCO,14,4.0,MEDIUM,14.0,97.268,0.0,short run (<5 clean laps)
FP1,OCO,15,4.0,MEDIUM,15.0,115.079,0.4686046511627907,pit in/out lap
FP1,OCO,17,5.0,SOFT,2.0,96.12,0.0513176144244105,short run (<5 clean laps)
FP1,OCO,18,5.0,SOFT,3.0,146.599,0.0926605504587156,pit in/out lap
FP1,OCO,20,6.0,SOFT,5.0,95.834,0.0139860139860139,short run (<5 clean laps)
FP1,OCO,21,6.0,SOFT,6.0,140.254,0.2150333016175071,pit in/out lap
FP1,OCO,23,7.0,SOFT,8.0,96.827,0.0522696011004126,short run (<5 clean laps)
FP1,OCO,24,7.0,SOFT,9.0,132.673,0.1959798994974874,short run (<5 clean laps)
FP1,OCO,25,7.0,SOFT,10.0,133.862,0.0202224469160768,pit in/out lap
FP1,PER,2,2.0,MEDIUM,1.0,147.894,0.2203082502266545,pit in/out lap
FP1,PER,3,2.0,MEDIUM,2.0,103.225,0.0439844760672703,short run (<5 clean laps)
FP1,PER,4,2.0,MEDIUM,3.0,102.645,0.0721784776902887,short run (<5 clean laps)
FP1,PER,6,2.0,MEDIUM,5.0,100.855,0.0478036175710594,short run (<5 clean laps)
FP1,PER,9,3.0,MEDIUM,8.0,99.67,0.1033112582781456,short run (<5 clean laps)
FP1,PER,10,3.0,MEDIUM,9.0,149.482,0.0287511230907457,short run (<5 clean laps)
FP1,PER,11,3.0,MEDIUM,10.0,99.0,0.0189189189189189,short run (<5 clean laps)
FP1,PER,13,3.0,MEDIUM,12.0,99.091,0.0121621621621621,short run (<5 clean laps)
FP1,PER,14,3.0,MEDIUM,13.0,127.665,0.0878306878306878,pit in/out lap
FP1,PER,16,4.0,SOFT,2.0,98.565,0.0203804347826086,short run (<5 clean laps)
FP1,PER,17,4.0,SOFT,3.0,136.823,0.0155339805825242,pit in/out lap
FP1,PER,19,5.0,SOFT,5.0,98.15,0.1671232876712328,short run (<5 clean laps)
FP1,PER,22,5.0,SOFT,8.0,112.974,0.0083036773428232,short run (<5 clean laps)
FP1,PER,23,5.0,SOFT,9.0,147.828,0.0422661870503597,yellow / SC / VSC / red flag
FP1,PER,24,5.0,SOFT,10.0,98.328,0.0385674931129476,short run (<5 clean laps)
FP1,PER,25,5.0,SOFT,11.0,143.348,0.1185661764705882,short run (<5 clean laps)
FP1,PIA,2,1.0,MEDIUM,2.0,100.658,0.0855263157894736,kept
FP1,PIA,3,1.0,MEDIUM,3.0,142.102,0.1036121673003802,cool-down / aborted (>105% of run best)
FP1,PIA,4,1.0,MEDIUM,4.0,97.741,0.0845839017735334,kept
FP1,PIA,6,1.0,MEDIUM,6.0,97.197,0.1091644204851752,lap deleted (track limits)
FP1,PIA,7,1.0,MEDIUM,7.0,140.378,0.2741312741312741,cool-down / aborted (>105% of run best)
FP1,PIA,8,1.0,MEDIUM,8.0,96.624,0.1657681940700808,kept
FP1,PIA,9,1.0,MEDIUM,9.0,144.511,0.2055045871559633,pit in/out lap
FP1,PIA,11,2.0,MEDIUM,11.0,96.235,0.1444444444444444,short run (<5 clean laps)
FP1,PIA,12,2.0,MEDIUM,12.0,140.423,0.0066539923954372,pit in/out lap
FP1,PIA,14,3.0,SOFT,2.0,123.091,0.0151351351351351,short run (<5 clean laps)
FP1,PIA,15,3.0,SOFT,3.0,95.28,0.1041666666666666,short run (<5 clean laps)
FP1,PIA,16,3.0,SOFT,4.0,149.273,0.0,short run (<5 clean laps)
FP1,PIA,17,3.0,SOFT,5.0,95.148,0.0237099023709902,short run (<5 clean laps)
FP1,PIA,18,3.0,SOFT,6.0,143.891,0.4549718574108818,pit in/out lap
FP1,PIA,20,4.0,SOFT,2.0,96.431,0.1077762619372442,lap deleted (track limits)
FP1,PIA,21,4.0,SOFT,3.0,146.396,0.0450781968721251,short run (<5 clean laps)
FP1,PIA,22,4.0,SOFT,4.0,145.67,0.1781076066790352,pit in/out lap
FP1,RUS,2,1.0,MEDIUM,2.0,105.035,0.0,short run (<5 clean laps)
FP1,RUS,3,1.0,MEDIUM,3.0,101.536,0.5053050397877984,traffic (>30% of lap within 60 m of a car)
FP1,RUS,4,1.0,MEDIUM,4.0,100.375,,no gap-to-car-ahead data
FP1,RUS,5,1.0,MEDIUM,5.0,146.963,0.1832269826800364,lap deleted (track limits)
FP1,RUS,6,1.0,MEDIUM,6.0,97.887,0.0,short run (<5 clean laps)
FP1,RUS,8,1.0,MEDIUM,8.0,96.569,0.0356164383561643,short run (<5 clean laps)
FP1,RUS,10,1.0,MEDIUM,10.0,96.113,0.0789473684210526,short run (<5 clean laps)
FP1,RUS,11,1.0,MEDIUM,11.0,137.939,0.3916015625,pit in/out lap
FP1,RUS,13,2.0,SOFT,2.0,134.324,0.2771084337349397,cool-down / aborted (>105% of run best)
FP1,RUS,14,2.0,SOFT,3.0,96.081,0.0182584269662921,kept
FP1,RUS,16,2.0,SOFT,5.0,94.729,0.0,kept
FP1,RUS,18,2.0,SOFT,7.0,94.145,0.0,kept
FP1,RUS,20,2.0,SOFT,9.0,94.077,0.0,kept
FP1,RUS,21,2.0,SOFT,10.0,120.218,0.1359116022099447,pit in/out lap
FP1,RUS,23,3.0,MEDIUM,13.0,98.863,0.0,short run (<5 clean laps)
FP1,RUS,24,3.0,MEDIUM,14.0,99.546,0.2904509283819628,yellow / SC / VSC / red flag
FP1,RUS,25,3.0,MEDIUM,15.0,100.04,0.0120967741935483,short run (<5 clean laps)
FP1,RUS,26,3.0,MEDIUM,16.0,101.049,0.0,short run (<5 clean laps)
FP1,SAI,2,1.0,MEDIUM,2.0,103.999,0.0,cool-down / aborted (>105% of run best)
FP1,SAI,3,1.0,MEDIUM,3.0,106.087,0.3345959595959596,traffic (>30% of lap within 60 m of a car)
FP1,SAI,4,1.0,MEDIUM,4.0,131.175,0.0276639344262295,cool-down / aborted (>105% of run best)
FP1,SAI,5,1.0,MEDIUM,5.0,110.007,0.0196560196560196,cool-down / aborted (>105% of run best)
FP1,SAI,6,1.0,MEDIUM,6.0,100.842,0.0,kept
FP1,SAI,7,1.0,MEDIUM,7.0,141.177,0.1553672316384181,cool-down / aborted (>105% of run best)
FP1,SAI,8,1.0,MEDIUM,8.0,99.505,0.0751677852348993,kept
FP1,SAI,9,1.0,MEDIUM,9.0,142.84,0.0304147465437788,cool-down / aborted (>105% of run best)
FP1,SAI,10,1.0,MEDIUM,10.0,99.442,0.0119047619047619,kept
FP1,SAI,12,1.0,MEDIUM,12.0,99.264,0.0228802153432032,kept
FP1,SAI,14,1.0,MEDIUM,14.0,99.014,0.0467914438502673,kept
FP1,SAI,16,1.0,MEDIUM,16.0,100.039,,no gap-to-car-ahead data
FP1,SAI,17,1.0,MEDIUM,17.0,119.557,,pit in/out lap
FP1,SAI,19,2.0,SOFT,2.0,130.303,0.5010266940451745,traffic (>30% of lap within 60 m of a car)
FP1,SAI,20,2.0,SOFT,3.0,97.215,,no gap-to-car-ahead data
FP1,SAI,22,2.0,SOFT,5.0,116.266,0.0382387022016222,lap deleted (track limits)
FP1,SAI,23,2.0,SOFT,6.0,96.87,,no gap-to-car-ahead data
FP1,SAI,25,2.0,SOFT,8.0,123.491,0.0718954248366013,short run (<5 clean laps)
FP1,SAI,26,2.0,SOFT,9.0,97.672,,yellow / SC / VSC / red flag
FP1,SAI,27,2.0,SOFT,10.0,124.011,0.3192182410423452,pit in/out lap
FP1,SAI,28,3.0,MEDIUM,18.0,143.005,0.1529850746268656,pit in/out lap
FP1,SAI,29,3.0,MEDIUM,19.0,128.616,,no gap-to-car-ahead data
FP1,STR,2,1.0,MEDIUM,2.0,105.223,0.0,cool-down / aborted (>105% of run best)
FP1,STR,3,1.0,MEDIUM,3.0,101.498,0.019659239842726,kept
FP1,STR,4,1.0,MEDIUM,4.0,145.203,0.3854748603351955,traffic (>30% of lap within 60 m of a car)
FP1,STR,5,1.0,MEDIUM,5.0,99.984,0.0525606469002695,kept
FP1,STR,6,1.0,MEDIUM,6.0,146.511,0.3380530973451327,traffic (>30% of lap within 60 m of a car)
FP1,STR,7,1.0,MEDIUM,7.0,99.594,0.0190217391304347,kept
FP1,STR,9,1.0,MEDIUM,9.0,99.669,0.0372836218375499,kept
FP1,STR,10,1.0,MEDIUM,10.0,143.971,0.0876865671641791,cool-down / aborted (>105% of run best)
FP1,STR,11,1.0,MEDIUM,11.0,98.398,0.0296495956873315,kept
FP1,STR,12,1.0,MEDIUM,12.0,142.069,0.1782363977485928,pit in/out lap
FP1,STR,14,2.0,MEDIUM,14.0,99.309,0.0132450331125827,short run (<5 clean laps)
FP1,STR,15,2.0,MEDIUM,15.0,124.511,0.0236051502145922,pit in/out lap
FP1,STR,17,3.0,SOFT,2.0,113.98,0.0461538461538461,cool-down / aborted (>105% of run best)
FP1,STR,18,3.0,SOFT,3.0,97.47,0.0179310344827586,kept
FP1,STR,20,3.0,SOFT,5.0,134.777,0.083083083083083,cool-down / aborted (>105% of run best)
FP1,STR,21,3.0,SOFT,6.0,97.254,0.0275103163686382,kept
FP1,STR,23,3.0,SOFT,8.0,97.302,0.0,kept
FP1,STR,24,3.0,SOFT,9.0,143.392,0.1244239631336405,cool-down / aborted (>105% of run best)
FP1,STR,25,3.0,SOFT,10.0,134.81,0.0,cool-down / aborted (>105% of run best)
FP1,TSU,2,1.0,MEDIUM,2.0,102.55,0.0,cool-down / aborted (>105% of run best)
FP1,TSU,3,1.0,MEDIUM,3.0,101.366,0.2095490716180371,kept
FP1,TSU,4,1.0,MEDIUM,4.0,142.488,0.0944287063267233,cool-down / aborted (>105% of run best)
FP1,TSU,5,1.0,MEDIUM,5.0,99.254,0.0926430517711171,kept
FP1,TSU,6,1.0,MEDIUM,6.0,143.363,0.0649233543733092,lap deleted (track limits)
FP1,TSU,7,1.0,MEDIUM,7.0,98.149,0.1300138312586445,kept
FP1,TSU,9,1.0,MEDIUM,9.0,97.554,0.0107962213225371,kept
FP1,TSU,10,1.0,MEDIUM,10.0,149.651,0.0980215827338129,pit in/out lap
FP1,TSU,12,2.0,MEDIUM,12.0,96.939,0.0826558265582655,short run (<5 clean laps)
FP1,TSU,13,2.0,MEDIUM,13.0,144.989,0.0602409638554216,short run (<5 clean laps)
FP1,TSU,14,2.0,MEDIUM,14.0,113.67,0.1169590643274853,pit in/out lap
FP1,TSU,16,3.0,SOFT,2.0,120.164,0.0281531531531531,pit in/out lap
FP1,VER,2,1.0,MEDIUM,2.0,99.257,0.0201884253028263,short run (<5 clean laps)
FP1,VER,3,1.0,MEDIUM,3.0,98.07,0.5683060109289617,traffic (>30% of lap within 60 m of a car)
FP1,VER,5,1.0,MEDIUM,5.0,96.683,0.1641791044776119,short run (<5 clean laps)
FP1,VER,7,1.0,MEDIUM,7.0,95.894,0.1689944134078212,short run (<5 clean laps)
FP1,VER,8,1.0,MEDIUM,8.0,121.311,0.1023706896551724,pit in/out lap
FP1,VER,10,2.0,MEDIUM,10.0,99.883,0.1967871485943775,kept
FP1,VER,11,2.0,MEDIUM,11.0,101.66,0.2887700534759358,kept
FP1,VER,12,2.0,MEDIUM,12.0,100.838,0.0333333333333333,kept
FP1,VER,13,2.0,MEDIUM,13.0,101.263,0.0102695763799743,kept
FP1,VER,14,2.0,MEDIUM,14.0,102.489,0.0504648074369189,kept
FP1,VER,15,2.0,MEDIUM,15.0,115.923,0.0353477765108323,pit in/out lap
FP1,VER,17,3.0,SOFT,2.0,94.703,0.0459610027855153,short run (<5 clean laps)
FP1,VER,20,4.0,SOFT,5.0,107.738,0.058457711442786,short run (<5 clean laps)
FP1,VER,22,4.0,SOFT,7.0,144.189,0.155576382380506,short run (<5 clean laps)
FP1,VER,23,4.0,SOFT,8.0,109.885,0.0483675937122128,short run (<5 clean laps)
FP1,VER,24,4.0,SOFT,9.0,130.876,0.1823770491803278,short run (<5 clean laps)
FP1,VER,25,4.0,SOFT,10.0,145.596,0.0419384902143522,pit in/out lap
FP2,ALB,2,1.0,MEDIUM,2.0,101.21,0.0663129973474801,short run (<5 clean laps)
FP2,ALB,3,1.0,MEDIUM,3.0,141.449,0.0,short run (<5 clean laps)
FP2,ALB,4,1.0,MEDIUM,4.0,98.947,0.2197368421052631,short run (<5 clean laps)
FP2,ALB,5,1.0,MEDIUM,5.0,135.888,0.2147058823529411,pit in/out lap
FP2,ALB,7,2.0,MEDIUM,7.0,98.874,0.0582010582010582,short run (<5 clean laps)
FP2,ALB,9,2.0,MEDIUM,9.0,97.627,0.0161507402422611,short run (<5 clean laps)
FP2,ALB,10,2.0,MEDIUM,10.0,137.096,0.0109452736318407,pit in/out lap
FP2,ALB,11,3.0,SOFT,1.0,145.456,0.1392405063291139,pit in/out lap
FP2,ALB,12,3.0,SOFT,2.0,96.936,0.133879781420765,short run (<5 clean laps)
FP2,ALB,16,4.0,MEDIUM,12.0,101.767,0.0,lap deleted (track limits)
FP2,ALB,17,4.0,MEDIUM,13.0,101.121,0.0182767624020887,kept
FP2,ALB,18,4.0,MEDIUM,14.0,101.618,0.0,kept
FP2,ALB,19,4.0,MEDIUM,15.0,102.73,0.0,kept
FP2,ALB,20,4.0,MEDIUM,16.0,103.085,0.0,kept
FP2,ALB,21,4.0,MEDIUM,17.0,103.399,0.0103359173126615,kept
FP2,ALB,22,4.0,MEDIUM,18.0,131.899,0.3841524573721163,pit in/out lap
FP2,ALO,2,1.0,MEDIUM,2.0,97.9,0.064066852367688,lap deleted (track limits)
FP2,ALO,3,1.0,MEDIUM,3.0,127.249,0.055441478439425,short run (<5 clean laps)
FP2,ALO,4,1.0,MEDIUM,4.0,97.476,0.0641200545702592,lap deleted (track limits)
FP2,ALO,5,1.0,MEDIUM,5.0,112.142,0.0884109916367981,pit in/out lap
FP2,ALO,8,3.0,SOFT,3.0,105.784,0.0,cool-down / aborted (>105% of run best)
FP2,ALO,9,3.0,SOFT,4.0,105.966,0.0311332503113325,cool-down / aborted (>105% of run best)
FP2,ALO,10,3.0,SOFT,5.0,96.78,0.0755244755244755,kept
FP2,ALO,11,3.0,SOFT,6.0,143.849,0.0,cool-down / aborted (>105% of run best)
FP2,ALO,12,3.0,SOFT,7.0,114.791,0.0,cool-down / aborted (>105% of run best)
FP2,ALO,13,3.0,SOFT,8.0,96.947,0.1186206896551724,kept
FP2,ALO,14,3.0,SOFT,9.0,128.62,0.6927835051546392,lap deleted (track limits)
FP2,ALO,15,3.0,SOFT,10.0,141.465,0.1474178403755868,cool-down / aborted (>105% of run best)
FP2,ALO,16,3.0,SOFT,11.0,130.904,0.0,pit in/out lap
FP2,ANT,2,1.0,MEDIUM,2.0,121.053,0.2450331125827814,lap deleted (track limits)
FP2,ANT,3,1.0,MEDIUM,3.0,94.428,0.0822695035460992,short run (<5 clean laps)
FP2,ANT,6,2.0,MEDIUM,6.0,111.216,0.2080856123662307,pit in/out lap
FP2,ANT,8,3.0,MEDIUM,8.0,93.926,0.155049786628734,short run (<5 clean laps)
FP2,ANT,9,3.0,MEDIUM,9.0,128.329,0.0910931174089068,pit in/out lap
FP2,ANT,11,4.0,SOFT,2.0,93.662,0.0834492350486787,short run (<5 clean laps)
FP2,ANT,16,6.0,MEDIUM,11.0,99.622,0.0,kept
FP2,ANT,17,6.0,MEDIUM,12.0,99.549,0.0,kept
FP2,ANT,18,6.0,MEDIUM,13.0,100.121,0.0,kept
FP2,ANT,19,6.0,MEDIUM,14.0,102.596,0.8500635324015248,traffic (>30% of lap within 60 m of a car)
FP2,ANT,20,6.0,MEDIUM,15.0,100.989,0.2403598971722365,kept
FP2,ANT,21,6.0,MEDIUM,16.0,100.536,0.0,kept
FP2,ANT,22,6.0,MEDIUM,17.0,146.38,0.0,cool-down / aborted (>105% of run best)
FP2,BEA,2,1.0,MEDIUM,2.0,97.931,0.0,short run (<5 clean laps)
FP2,BEA,4,1.0,MEDIUM,4.0,135.473,0.1014778325123152,short run (<5 clean laps)
FP2,BEA,5,1.0,MEDIUM,5.0,96.875,0.0657534246575342,short run (<5 clean laps)
FP2,BEA,8,2.0,MEDIUM,8.0,95.909,0.0593103448275862,short run (<5 clean laps)
FP2,BEA,10,3.0,MEDIUM,10.0,147.922,0.0731922398589065,pit in/out lap
FP2,BEA,11,3.0,MEDIUM,11.0,96.002,0.0138696255201109,short run (<5 clean laps)
FP2,BEA,12,3.0,MEDIUM,12.0,123.07,0.0,pit in/out lap
FP2,BEA,14,4.0,SOFT,2.0,95.203,0.0,short run (<5 clean laps)
FP2,BEA,17,5.0,MEDIUM,14.0,101.605,0.0,kept
FP2,BEA,18,5.0,MEDIUM,15.0,100.762,0.0,kept
FP2,BEA,19,5.0,MEDIUM,16.0,100.839,0.0,lap deleted (track limits)
FP2,BEA,20,5.0,MEDIUM,17.0,101.175,0.0,kept
FP2,BEA,21,5.0,MEDIUM,18.0,101.776,0.0,kept
FP2,BEA,22,5.0,MEDIUM,19.0,101.907,0.0,kept
FP2,BEA,23,5.0,MEDIUM,20.0,101.963,0.0,kept
FP2,BEA,24,5.0,MEDIUM,21.0,140.246,0.405123339658444,traffic (>30% of lap within 60 m of a car)
FP2,BEA,25,5.0,MEDIUM,22.0,143.088,0.1316526610644257,cool-down / aborted (>105% of run best)
FP2,BOR,2,1.0,MEDIUM,2.0,96.931,0.1198910081743869,short run (<5 clean laps)
FP2,BOR,4,2.0,MEDIUM,4.0,130.907,0.0193285859613428,pit in/out lap
FP2,BOR,5,2.0,MEDIUM,5.0,107.481,0.1105710814094775,pit in/out lap
FP2,BOR,7,3.0,MEDIUM,7.0,96.153,0.0299319727891156,short run (<5 clean laps)
FP2,BOR,8,3.0,MEDIUM,8.0,149.557,0.0142095914742451,short run (<5 clean laps)
FP2,BOR,9,3.0,MEDIUM,9.0,95.779,0.0781893004115226,short run (<5 clean laps)
FP2,BOR,11,3.0,MEDIUM,11.0,105.983,0.011070110701107,pit in/out lap
FP2,BOR,13,4.0,SOFT,2.0,95.17,0.0566572237960339,short run (<5 clean laps)
FP2,BOR,16,5.0,MEDIUM,13.0,100.724,0.0,lap deleted (track limits)
FP2,BOR,17,5.0,MEDIUM,14.0,101.379,0.0,short run (<5 clean laps)
FP2,BOR,18,5.0,MEDIUM,15.0,101.692,0.0,short run (<5 clean laps)
FP2,BOR,19,5.0,MEDIUM,16.0,102.209,0.0,short run (<5 clean laps)
FP2,BOR,20,5.0,MEDIUM,17.0,103.049,0.0,short run (<5 clean laps)
FP2,BOR,21,5.0,MEDIUM,18.0,108.312,0.0,pit in/out lap
FP2,BOR,22,6.0,SOFT,4.0,126.432,0.0483193277310924,pit in/out lap
FP2,BOR,23,6.0,SOFT,5.0,130.545,0.1372351160443995,short run (<5 clean laps)
FP2,BOR,25,6.0,SOFT,7.0,137.199,0.1946308724832214,pit in/out lap
FP2,BOT,2,1.0,MEDIUM,2.0,100.016,0.0,short run (<5 clean laps)
FP2,BOT,3,1.0,MEDIUM,3.0,142.513,0.3268156424581006,traffic (>30% of lap within 60 m of a car)
FP2,BOT,4,1.0,MEDIUM,4.0,99.771,0.0317880794701986,lap deleted (track limits)
FP2,BOT,5,1.0,MEDIUM,5.0,149.945,0.2495575221238938,pit in/out lap
FP2,BOT,7,2.0,MEDIUM,7.0,118.208,0.1106145251396648,short run (<5 clean laps)
FP2,BOT,8,2.0,MEDIUM,8.0,99.164,0.0492021276595744,lap deleted (track limits)
FP2,BOT,9,2.0,MEDIUM,9.0,124.873,0.277599142550911,pit in/out lap
FP2,BOT,11,3.0,SOFT,2.0,97.727,0.0998650472334682,short run (<5 clean laps)
FP2,BOT,12,3.0,SOFT,3.0,134.533,0.0201207243460764,short run (<5 clean laps)
FP2,BOT,15,4.0,SOFT,6.0,105.359,0.0,kept
FP2,BOT,16,4.0,SOFT,7.0,109.082,0.5915151515151515,traffic (>30% of lap within 60 m of a car)
FP2,BOT,17,4.0,SOFT,8.0,107.355,0.3354510800508259,traffic (>30% of lap within 60 m of a car)
FP2,BOT,18,4.0,SOFT,9.0,104.766,0.1396508728179551,kept
FP2,BOT,19,4.0,SOFT,10.0,105.155,0.5435323383084577,traffic (>30% of lap within 60 m of a car)
FP2,BOT,20,4.0,SOFT,11.0,104.88,0.1414267834793492,kept
FP2,BOT,21,4.0,SOFT,12.0,116.13,0.0,cool-down / aborted (>105% of run best)
FP2,BOT,22,4.0,SOFT,13.0,145.642,0.04,cool-down / aborted (>105% of run best)
FP2,COL,2,1.0,MEDIUM,2.0,97.517,0.0,short run (<5 clean laps)
FP2,COL,4,1.0,MEDIUM,4.0,96.142,0.1011080332409972,short run (<5 clean laps)
FP2,COL,6,1.0,MEDIUM,6.0,97.86,0.0772357723577235,short run (<5 clean laps)
FP2,COL,7,1.0,MEDIUM,7.0,119.053,0.1490545050055617,pit in/out lap
FP2,COL,9,2.0,SOFT,2.0,95.886,0.1764705882352941,short run (<5 clean laps)
FP2,COL,13,4.0,MEDIUM,9.0,103.605,0.5420918367346939,traffic (>30% of lap within 60 m of a car)
FP2,COL,14,4.0,MEDIUM,10.0,107.367,0.3382533825338253,traffic (>30% of lap within 60 m of a car)
FP2,COL,15,4.0,MEDIUM,11.0,101.511,0.0243243243243243,kept
FP2,COL,16,4.0,MEDIUM,12.0,100.501,0.0,kept
FP2,COL,17,4.0,MEDIUM,13.0,100.925,0.0,kept
FP2,COL,18,4.0,MEDIUM,14.0,101.762,0.0143042912873862,kept
FP2,COL,19,4.0,MEDIUM,15.0,105.294,0.2950819672131147,kept
FP2,COL,20,4.0,MEDIUM,16.0,121.188,0.1120783460282916,cool-down / aborted (>105% of run best)
FP2,COL,22,4.0,MEDIUM,18.0,137.402,0.0554493307839388,pit in/out lap
FP2,GAS,2,1.0,MEDIUM,2.0,97.628,0.0885558583106267,short run (<5 clean laps)
FP2,GAS,4,1.0,MEDIUM,4.0,95.968,0.0,short run (<5 clean laps)
FP2,GAS,6,1.0,MEDIUM,6.0,95.954,0.0526315789473684,short run (<5 clean laps)
FP2,GAS,7,1.0,MEDIUM,7.0,142.136,0.1093457943925233,pit in/out lap
FP2,GAS,9,2.0,SOFT,2.0,94.959,0.0456490727532097,short run (<5 clean laps)
FP2,GAS,12,3.0,MEDIUM,9.0,100.691,0.0690571049136786,kept
FP2,GAS,13,3.0,MEDIUM,10.0,100.579,0.0,kept
FP2,GAS,14,3.0,MEDIUM,11.0,100.787,0.0,kept
FP2,GAS,15,3.0,MEDIUM,12.0,101.24,0.0,kept
FP2,GAS,16,3.0,MEDIUM,13.0,101.386,0.0531088082901554,kept
FP2,GAS,17,3.0,MEDIUM,14.0,102.569,0.0265822784810126,lap deleted (track limits)
FP2,GAS,18,3.0,MEDIUM,15.0,102.53,0.0,kept
FP2,GAS,21,3.0,MEDIUM,18.0,143.807,0.0254545454545454,pit in/out lap
FP2,HAM,2,1.0,MEDIUM,2.0,95.592,0.0,short run (<5 clean laps)
FP2,HAM,4,1.0,MEDIUM,4.0,94.825,0.0348189415041782,short run (<5 clean laps)
FP2,HAM,7,2.0,MEDIUM,7.0,95.086,0.0331491712707182,lap deleted (track limits)
FP2,HAM,8,2.0,MEDIUM,8.0,108.549,0.0986601705237515,pit in/out lap
FP2,HAM,10,3.0,SOFT,2.0,93.811,0.0859916782246879,short run (<5 clean laps)
FP2,HAM,12,3.0,SOFT,4.0,135.853,0.1401590457256461,short run (<5 clean laps)
FP2,HAM,15,4.0,MEDIUM,10.0,100.108,0.0,kept
FP2,HAM,16,4.0,MEDIUM,11.0,99.658,0.2075471698113207,kept
FP2,HAM,17,4.0,MEDIUM,12.0,101.596,0.9908616187989556,traffic (>30% of lap within 60 m of a car)
FP2,HAM,18,4.0,MEDIUM,13.0,101.41,0.0548302872062663,kept
FP2,HAM,19,4.0,MEDIUM,14.0,100.307,0.0,kept
FP2,HAM,20,4.0,MEDIUM,15.0,100.328,0.0477453580901856,kept
FP2,HAM,21,4.0,MEDIUM,16.0,141.901,0.0579981290926099,cool-down / aborted (>105% of run best)
FP2,HAM,23,4.0,MEDIUM,18.0,146.227,0.1156278229448961,pit in/out lap
FP2,HUL,2,1.0,HARD,2.0,96.807,0.0414937759336099,short run (<5 clean laps)
FP2,HUL,4,1.0,HARD,4.0,96.663,0.0601092896174863,lap deleted (track limits)
FP2,HUL,6,1.0,HARD,6.0,96.309,0.0468965517241379,short run (<5 clean laps)
FP2,HUL,8,1.0,HARD,8.0,95.746,0.1210453920220082,short run (<5 clean laps)
FP2,HUL,9,1.0,HARD,9.0,122.433,0.3676148796498906,pit in/out lap
FP2,HUL,11,2.0,SOFT,2.0,95.06,0.1307371349095966,short run (<5 clean laps)
FP2,HUL,12,2.0,SOFT,3.0,143.569,0.0094517958412098,pit in/out lap
FP2,HUL,14,3.0,SOFT,5.0,108.552,0.0,lap deleted (track limits)
FP2,HUL,15,3.0,SOFT,6.0,95.207,0.0209205020920502,short run (<5 clean laps)
FP2,HUL,16,3.0,SOFT,7.0,140.349,0.055930568948891,pit in/out lap
FP2,HUL,18,4.0,SOFT,9.0,95.146,0.0235457063711911,short run (<5 clean laps)
FP2,HUL,19,4.0,SOFT,10.0,107.757,0.011002444987775,short run (<5 clean laps)
FP2,HUL,20,4.0,SOFT,11.0,128.289,0.1158221302998965,short run (<5 clean laps)
FP2,HUL,22,4.0,SOFT,13.0,141.607,0.2113594040968342,pit in/out lap
FP2,LAW,2,1.0,MEDIUM,2.0,96.977,0.0276625172890733,short run (<5 clean laps)
FP2,LAW,4,1.0,MEDIUM,4.0,95.667,0.034106412005457,short run (<5 clean laps)
FP2,LAW,5,1.0,MEDIUM,5.0,148.55,0.1327985739750445,pit in/out lap
FP2,LAW,7,2.0,MEDIUM,7.0,95.081,0.0292072322670375,short run (<5 clean laps)
FP2,LAW,8,2.0,MEDIUM,8.0,118.854,0.1466666666666666,pit in/out lap
FP2,LAW,10,3.0,SOFT,2.0,94.938,0.0367231638418079,short run (<5 clean laps)
FP2,LAW,11,3.0,SOFT,3.0,142.416,0.0901563937442502,pit in/out lap
FP2,LAW,13,4.0,SOFT,5.0,97.101,0.1464088397790055,short run (<5 clean laps)
FP2,LAW,16,5.0,MEDIUM,10.0,99.963,0.0,short run (<5 clean laps)
FP2,LAW,17,5.0,MEDIUM,11.0,109.088,0.1034063260340632,pit in/out lap
FP2,LAW,19,6.0,MEDIUM,13.0,146.982,0.0323450134770889,short run (<5 clean laps)
FP2,LAW,21,6.0,MEDIUM,15.0,142.11,0.312267657992565,pit in/out lap
FP2,LEC,2,1.0,MEDIUM,2.0,95.557,0.0,short run (<5 clean laps)
FP2,LEC,3,1.0,MEDIUM,3.0,146.928,0.0359712230215827,short run (<5 clean laps)
FP2,LEC,4,1.0,MEDIUM,4.0,95.242,0.0822873082287308,lap deleted (track limits)
FP2,LEC,5,1.0,MEDIUM,5.0,144.522,0.1529953917050691,short run (<5 clean laps)
FP2,LEC,6,1.0,MEDIUM,6.0,94.429,0.3670360110803324,traffic (>30% of lap within 60 m of a car)
FP2,LEC,7,1.0,MEDIUM,7.0,149.656,0.354781054512958,lap deleted (track limits)
FP2,LEC,8,1.0,MEDIUM,8.0,94.48,0.9214876033057852,traffic (>30% of lap within 60 m of a car)
FP2,LEC,9,1.0,MEDIUM,9.0,124.749,,pit in/out lap
FP2,LEC,11,2.0,SOFT,2.0,93.82,0.0097357440890125,short run (<5 clean laps)
FP2,LEC,12,2.0,SOFT,3.0,139.294,0.088403041825095,pit in/out lap
FP2,LEC,13,3.0,SOFT,4.0,135.734,0.0781404549950544,pit in/out lap
FP2,LEC,14,3.0,SOFT,5.0,93.775,0.018705035971223,short run (<5 clean laps)
FP2,LEC,17,4.0,SOFT,8.0,98.613,0.0,kept
FP2,LEC,18,4.0,SOFT,9.0,102.973,0.0256081946222791,lap deleted (track limits)
FP2,LEC,19,4.0,SOFT,10.0,103.79,0.0,cool-down / aborted (>105% of run best)
FP2,LEC,20,4.0,SOFT,11.0,102.047,0.0,kept
FP2,LEC,21,4.0,SOFT,12.0,99.411,0.0,kept
FP2,LEC,22,4.0,SOFT,13.0,102.182,0.2374839537869063,lap deleted (track limits)
FP2,LEC,23,4.0,SOFT,14.0,101.784,0.0,kept
FP2,LEC,26,4.0,SOFT,17.0,144.984,0.0242369838420107,pit in/out lap
FP2,LIN,2,1.0,MEDIUM,2.0,95.762,0.0638002773925104,short run (<5 clean laps)
FP2,LIN,4,1.0,MEDIUM,4.0,95.099,0.1112637362637362,short run (<5 clean laps)
FP2,LIN,7,2.0,MEDIUM,7.0,95.147,0.048076923076923,short run (<5 clean laps)
FP2,LIN,9,2.0,MEDIUM,9.0,95.038,0.0249653259361997,short run (<5 clean laps)
FP2,LIN,10,2.0,MEDIUM,10.0,109.073,0.0334128878281622,pit in/out lap
FP2,LIN,12,3.0,SOFT,2.0,93.89,0.4937413073713491,traffic (>30% of lap within 60 m of a car)
FP2,NOR,2,1.0,MEDIUM,2.0,120.105,0.2187845303867403,pit in/out lap
FP2,OCO,2,1.0,MEDIUM,2.0,97.878,,no gap-to-car-ahead data
FP2,OCO,4,1.0,MEDIUM,4.0,130.318,0.1690573770491803,short run (<5 clean laps)
FP2,OCO,5,1.0,MEDIUM,5.0,96.597,0.8950276243093923,traffic (>30% of lap within 60 m of a car)
FP2,OCO,7,1.0,MEDIUM,7.0,147.522,0.0557553956834532,short run (<5 clean laps)
FP2,OCO,8,1.0,MEDIUM,8.0,95.932,0.0520547945205479,short run (<5 clean laps)
FP2,OCO,10,2.0,MEDIUM,10.0,149.987,0.0407632263660017,pit in/out lap
FP2,OCO,11,2.0,MEDIUM,11.0,95.566,,no gap-to-car-ahead data
FP2,OCO,12,2.0,MEDIUM,12.0,118.405,0.267260579064588,pit in/out lap
FP2,OCO,14,3.0,SOFT,2.0,94.867,,no gap-to-car-ahead data
FP2,OCO,17,4.0,SOFT,5.0,100.69,,no gap-to-car-ahead data
FP2,OCO,18,4.0,SOFT,6.0,100.218,,no gap-to-car-ahead data
FP2,OCO,19,4.0,SOFT,7.0,100.426,,no gap-to-car-ahead data
FP2,OCO,20,4.0,SOFT,8.0,100.335,,no gap-to-car-ahead data
FP2,OCO,21,4.0,SOFT,9.0,102.171,,no gap-to-car-ahead data
FP2,OCO,22,4.0,SOFT,10.0,101.367,,no gap-to-car-ahead data
FP2,OCO,23,4.0,SOFT,11.0,100.839,,no gap-to-car-ahead data
FP2,OCO,24,4.0,SOFT,12.0,121.893,,no gap-to-car-ahead data
FP2,OCO,26,4.0,SOFT,14.0,139.934,0.9754948162111216,pit in/out lap
FP2,PER,2,1.0,MEDIUM,2.0,97.8,0.0,lap deleted (track limits)
FP2,PER,4,1.0,MEDIUM,4.0,98.003,0.0431848852901484,short run (<5 clean laps)
FP2,PER,6,1.0,MEDIUM,6.0,144.441,0.3428308823529412,lap deleted (track limits)
FP2,PER,7,1.0,MEDIUM,7.0,97.511,0.0456375838926174,short run (<5 clean laps)
FP2,PER,8,1.0,MEDIUM,8.0,130.127,0.0839303991811668,pit in/out lap
FP2,PER,10,2.0,SOFT,2.0,97.195,0.0,short run (<5 clean laps)
FP2,PER,15,4.0,MEDIUM,10.0,101.873,0.0,kept
FP2,PER,16,4.0,MEDIUM,11.0,106.049,0.264669163545568,kept
FP2,PER,17,4.0,MEDIUM,12.0,103.851,0.0,kept
FP2,PER,18,4.0,MEDIUM,13.0,107.166,0.073170731707317,cool-down / aborted (>105% of run best)
FP2,PER,19,4.0,MEDIUM,14.0,104.411,0.0,kept
FP2,PER,20,4.0,MEDIUM,15.0,104.38,0.0,kept
FP2,PER,21,4.0,MEDIUM,16.0,103.55,0.0,kept
FP2,PER,24,4.0,MEDIUM,19.0,143.697,0.0144796380090497,pit in/out lap
FP2,PIA,2,1.0,MEDIUM,2.0,134.516,0.3882235528942115,lap deleted (track limits)
FP2,PIA,3,1.0,MEDIUM,3.0,95.446,0.1880222841225626,short run (<5 clean laps)
FP2,PIA,4,1.0,MEDIUM,4.0,146.005,0.1529411764705882,short run (<5 clean laps)
FP2,PIA,5,1.0,MEDIUM,5.0,95.61,0.1748251748251748,short run (<5 clean laps)
FP2,PIA,7,1.0,MEDIUM,7.0,95.137,0.0248275862068965,short run (<5 clean laps)
FP2,PIA,8,1.0,MEDIUM,8.0,140.012,0.4203036053130929,pit in/out lap
FP2,PIA,10,2.0,SOFT,2.0,94.473,0.0935251798561151,short run (<5 clean laps)
FP2,PIA,11,2.0,SOFT,3.0,149.437,0.1369622475856014,short run (<5 clean laps)
FP2,PIA,12,2.0,SOFT,4.0,94.2,0.0550070521861777,short run (<5 clean laps)
FP2,PIA,13,2.0,SOFT,5.0,147.286,0.0,short run (<5 clean laps)
FP2,PIA,16,3.0,MEDIUM,10.0,100.619,0.0,short run (<5 clean laps)
FP2,PIA,17,3.0,MEDIUM,11.0,100.796,0.1535433070866141,short run (<5 clean laps)
FP2,PIA,18,3.0,MEDIUM,12.0,101.231,0.0581081081081081,short run (<5 clean laps)
FP2,PIA,19,3.0,MEDIUM,13.0,115.12,0.0273348519362186,lap deleted (track limits)
FP2,PIA,20,3.0,MEDIUM,14.0,104.045,0.6728855721393034,lap deleted (track limits)
FP2,PIA,21,3.0,MEDIUM,15.0,101.465,0.0,lap deleted (track limits)
FP2,PIA,24,3.0,MEDIUM,18.0,142.796,0.0960295475530932,pit in/out lap
FP2,RUS,2,1.0,MEDIUM,2.0,96.011,0.0,short run (<5 clean laps)
FP2,RUS,3,1.0,MEDIUM,3.0,147.265,0.2963963963963964,pit in/out lap
FP2,RUS,4,2.0,MEDIUM,4.0,149.578,0.0452127659574468,pit in/out lap
FP2,RUS,5,2.0,MEDIUM,5.0,94.632,0.0707213578500707,short run (<5 clean laps)
FP2,RUS,7,2.0,MEDIUM,7.0,94.518,0.1912798874824191,short run (<5 clean laps)
FP2,RUS,9,2.0,MEDIUM,9.0,94.025,0.0726495726495726,short run (<5 clean laps)
FP2,RUS,10,2.0,MEDIUM,10.0,120.78,0.2616216216216216,pit in/out lap
FP2,RUS,12,3.0,SOFT,2.0,100.614,0.0763260025873221,pit in/out lap
FP2,RUS,14,4.0,SOFT,4.0,93.999,0.1004304160688665,short run (<5 clean laps)
FP2,RUS,17,5.0,MEDIUM,12.0,98.633,0.0,kept
FP2,RUS,18,5.0,MEDIUM,13.0,99.475,0.0,kept
FP2,RUS,19,5.0,MEDIUM,14.0,99.628,0.0,kept
FP2,RUS,20,5.0,MEDIUM,15.0,105.319,0.0,cool-down / aborted (>105% of run best)
FP2,RUS,21,5.0,MEDIUM,16.0,100.379,0.0448717948717948,kept
FP2,RUS,22,5.0,MEDIUM,17.0,99.94,0.0,kept
FP2,RUS,25,5.0,MEDIUM,20.0,148.985,0.0308914386584289,pit in/out lap
FP2,SAI,2,1.0,MEDIUM,2.0,99.424,0.0635761589403973,short run (<5 clean laps)
FP2,SAI,3,1.0,MEDIUM,3.0,126.099,0.1354497354497354,pit in/out lap
FP2,SAI,5,2.0,MEDIUM,5.0,98.178,0.1091877496671105,short run (<5 clean laps)
FP2,SAI,7,2.0,MEDIUM,7.0,120.112,0.0845225027442371,short run (<5 clean laps)
FP2,SAI,8,2.0,MEDIUM,8.0,96.868,0.1045392022008253,short run (<5 clean laps)
FP2,SAI,10,2.0,MEDIUM,10.0,106.218,0.034134007585335,pit in/out lap
FP2,SAI,12,3.0,SOFT,2.0,131.419,0.3553553553553553,traffic (>30% of lap within 60 m of a car)
FP2,SAI,13,3.0,SOFT,3.0,96.291,0.0123796423658872,short run (<5 clean laps)
FP2,SAI,17,4.0,MEDIUM,12.0,101.335,0.0,short run (<5 clean laps)
FP2,SAI,18,4.0,MEDIUM,13.0,102.336,0.0,short run (<5 clean laps)
FP2,SAI,19,4.0,MEDIUM,14.0,102.849,0.0,short run (<5 clean laps)
FP2,SAI,20,4.0,MEDIUM,15.0,103.476,0.0,short run (<5 clean laps)
FP2,SAI,21,4.0,MEDIUM,16.0,110.263,0.1696113074204947,pit in/out lap
FP2,SAI,22,5.0,SOFT,6.0,128.386,0.0670103092783505,pit in/out lap
FP2,SAI,23,5.0,SOFT,7.0,124.842,0.0424178154825026,short run (<5 clean laps)
FP2,SAI,24,5.0,SOFT,8.0,149.098,0.0,short run (<5 clean laps)
FP2,STR,2,1.0,MEDIUM,2.0,99.067,0.1359353970390309,kept
FP2,STR,3,1.0,MEDIUM,3.0,138.959,0.0124879923150816,cool-down / aborted (>105% of run best)
FP2,STR,4,1.0,MEDIUM,4.0,98.068,0.2133333333333333,kept
FP2,STR,5,1.0,MEDIUM,5.0,145.378,0.0,lap deleted (track limits)
FP2,STR,6,1.0,MEDIUM,6.0,97.767,0.1061827956989247,kept
FP2,STR,7,1.0,MEDIUM,7.0,145.261,0.0,cool-down / aborted (>105% of run best)
FP2,STR,8,1.0,MEDIUM,8.0,97.424,0.0341530054644808,kept
FP2,STR,9,1.0,MEDIUM,9.0,123.556,0.0696202531645569,pit in/out lap
FP2,STR,11,2.0,SOFT,2.0,97.273,0.0360480640854472,short run (<5 clean laps)
FP2,STR,16,3.0,SOFT,7.0,104.758,0.0,lap deleted (track limits)
FP2,STR,17,3.0,SOFT,8.0,104.407,0.0,short run (<5 clean laps)
FP2,STR,18,3.0,SOFT,9.0,102.12,0.0117035110533159,short run (<5 clean laps)
FP2,STR,19,3.0,SOFT,10.0,104.4,0.1727616645649432,short run (<5 clean laps)
FP2,STR,20,3.0,SOFT,11.0,144.971,0.0190389845874886,pit in/out lap
FP2,TSU,2,1.0,MEDIUM,2.0,97.708,0.0,short run (<5 clean laps)
FP2,TSU,4,1.0,MEDIUM,4.0,96.603,0.5123626373626373,traffic (>30% of lap within 60 m of a car)
FP2,TSU,6,1.0,MEDIUM,6.0,131.142,0.038422649140546,short run (<5 clean laps)
FP2,TSU,7,1.0,MEDIUM,7.0,96.122,0.1160220994475138,short run (<5 clean laps)
FP2,TSU,10,2.0,MEDIUM,10.0,95.408,0.0311231393775372,short run (<5 clean laps)
FP2,TSU,11,2.0,MEDIUM,11.0,123.27,0.0096359743040685,pit in/out lap
FP2,TSU,13,3.0,SOFT,2.0,123.548,0.0193756727664155,pit in/out lap
FP2,TSU,17,5.0,SOFT,6.0,94.758,0.0,kept
FP2,TSU,18,5.0,SOFT,7.0,129.793,0.1680244399185336,cool-down / aborted (>105% of run best)
FP2,TSU,19,5.0,SOFT,8.0,100.885,0.0,lap deleted (track limits)
FP2,TSU,20,5.0,SOFT,9.0,104.035,0.0,lap deleted (track limits)
FP2,TSU,21,5.0,SOFT,10.0,103.045,0.0,cool-down / aborted (>105% of run best)
FP2,TSU,22,5.0,SOFT,11.0,99.729,0.0,cool-down / aborted (>105% of run best)
FP2,TSU,23,5.0,SOFT,12.0,98.759,0.0,lap deleted (track limits)
FP2,TSU,24,5.0,SOFT,13.0,142.318,0.0779944289693593,cool-down / aborted (>105% of run best)
FP2,TSU,26,5.0,SOFT,15.0,142.969,0.0155677655677655,pit in/out lap
FP2,VER,2,1.0,MEDIUM,2.0,95.975,0.0728021978021978,short run (<5 clean laps)
FP2,VER,4,1.0,MEDIUM,4.0,95.179,0.040787623066104,short run (<5 clean laps)
FP2,VER,6,1.0,MEDIUM,6.0,130.32,0.2215384615384615,short run (<5 clean laps)
FP2,VER,7,1.0,MEDIUM,7.0,94.378,0.0,lap deleted (track limits)
FP2,VER,8,1.0,MEDIUM,8.0,124.086,0.012847965738758,pit in/out lap
FP2,VER,10,2.0,SOFT,2.0,94.063,0.1832611832611832,short run (<5 clean laps)
FP2,VER,11,2.0,SOFT,3.0,124.923,0.1495815899581589,pit in/out lap
FP2,VER,13,3.0,SOFT,5.0,98.614,0.0,short run (<5 clean laps)
FP2,VER,14,3.0,SOFT,6.0,99.217,0.0292553191489361,short run (<5 clean laps)
FP2,VER,15,3.0,SOFT,7.0,104.176,0.6679790026246719,traffic (>30% of lap within 60 m of a car)
FP2,VER,16,3.0,SOFT,8.0,100.805,0.4701298701298701,traffic (>30% of lap within 60 m of a car)
FP2,VER,17,3.0,SOFT,9.0,99.358,0.7632275132275133,traffic (>30% of lap within 60 m of a car)
FP2,VER,18,3.0,SOFT,10.0,100.669,0.63671875,traffic (>30% of lap within 60 m of a car)
FP2,VER,19,3.0,SOFT,11.0,101.051,0.5923482849604221,traffic (>30% of lap within 60 m of a car)
FP2,VER,22,3.0,SOFT,14.0,146.484,0.064,pit in/out lap
FP3,ALB,2,1.0,SOFT,2.0,106.647,0.0163522012578616,pit in/out lap
FP3,ALO,2,1.0,SOFT,2.0,97.425,0.0121786197564276,kept
FP3,ALO,3,1.0,SOFT,3.0,123.236,0.0807319698600645,cool-down / aborted (>105% of run best)
FP3,ALO,4,1.0,SOFT,4.0,95.708,0.0110957004160887,kept
FP3,ALO,5,1.0,SOFT,5.0,128.059,0.0450901803607214,cool-down / aborted (>105% of run best)
FP3,ALO,6,1.0,SOFT,6.0,96.672,0.0,yellow / SC / VSC / red flag
FP3,ALO,7,1.0,SOFT,7.0,122.243,0.1511879049676026,yellow / SC / VSC / red flag
FP3,ALO,8,1.0,SOFT,8.0,95.649,0.0,kept
FP3,ALO,11,2.0,SOFT,2.0,95.571,,no gap-to-car-ahead data
FP3,ALO,12,2.0,SOFT,3.0,131.753,0.4765306122448979,pit in/out lap
FP3,ALO,14,3.0,SOFT,5.0,95.02,,no gap-to-car-ahead data
FP3,ALO,15,3.0,SOFT,6.0,138.528,0.742526518804243,traffic (>30% of lap within 60 m of a car)
FP3,ALO,16,3.0,SOFT,7.0,116.475,,yellow / SC / VSC / red flag
FP3,ANT,2,1.0,SOFT,2.0,122.63,0.0639658848614072,lap deleted (track limits)
FP3,ANT,3,1.0,SOFT,3.0,93.664,0.1881051175656984,short run (<5 clean laps)
FP3,ANT,4,1.0,SOFT,4.0,143.529,0.0629107981220657,yellow / SC / VSC / red flag
FP3,ANT,5,1.0,SOFT,5.0,124.109,0.0572354211663066,lap deleted (track limits)
FP3,ANT,8,2.0,SOFT,2.0,93.26,0.1265822784810126,short run (<5 clean laps)
FP3,ANT,10,2.0,SOFT,4.0,92.797,0.112215909090909,short run (<5 clean laps)
FP3,ANT,12,2.0,SOFT,6.0,117.461,0.0433333333333333,short run (<5 clean laps)
FP3,BEA,2,1.0,SOFT,2.0,94.769,0.0833333333333333,yellow / SC / VSC / red flag
FP3,BEA,7,3.0,SOFT,7.0,100.028,0.1384820239680426,pit in/out lap
FP3,BEA,8,4.0,SOFT,1.0,149.226,0.1757847533632287,pit in/out lap
FP3,BEA,9,4.0,SOFT,2.0,94.481,0.1684931506849315,short run (<5 clean laps)
FP3,BOR,2,1.0,MEDIUM,2.0,95.777,,no gap-to-car-ahead data
FP3,BOR,4,1.0,MEDIUM,4.0,113.561,,lap deleted (track limits)
FP3,BOR,5,1.0,MEDIUM,5.0,95.513,,no gap-to-car-ahead data
FP3,BOR,7,1.0,MEDIUM,7.0,96.045,,no gap-to-car-ahead data
FP3,BOR,8,1.0,MEDIUM,8.0,140.706,0.7303262955854126,pit in/out lap
FP3,BOR,10,2.0,SOFT,2.0,94.551,0.0182584269662921,short run (<5 clean laps)
FP3,BOR,13,3.0,SOFT,5.0,94.288,0.0070323488045007,short run (<5 clean laps)
FP3,BOT,2,1.0,SOFT,2.0,98.356,0.0,short run (<5 clean laps)
FP3,BOT,3,1.0,SOFT,3.0,145.83,0.0599455040871934,pit in/out lap
FP3,BOT,5,2.0,SOFT,5.0,97.065,0.0398936170212766,yellow / SC / VSC / red flag
FP3,BOT,6,2.0,SOFT,6.0,128.463,0.0581039755351682,pit in/out lap
FP3,BOT,8,3.0,SOFT,2.0,97.444,0.036986301369863,short run (<5 clean laps)
FP3,BOT,9,3.0,SOFT,3.0,142.749,0.1205936920222634,short run (<5 clean laps)
FP3,BOT,11,3.0,SOFT,5.0,96.67,0.0560109289617486,short run (<5 clean laps)
FP3,BOT,12,3.0,SOFT,6.0,143.025,0.0,short run (<5 clean laps)
FP3,COL,2,1.0,SOFT,2.0,97.075,0.0366350067842605,short run (<5 clean laps)
FP3,COL,3,1.0,SOFT,3.0,147.778,0.1232014388489208,pit in/out lap
FP3,COL,5,2.0,SOFT,5.0,122.457,0.0401267159450897,lap deleted (track limits)
FP3,COL,6,2.0,SOFT,6.0,95.551,0.0,short run (<5 clean laps)
FP3,COL,7,2.0,SOFT,7.0,149.944,0.0490633363068688,pit in/out lap
FP3,COL,9,3.0,SOFT,2.0,94.957,0.0,short run (<5 clean laps)
FP3,COL,10,3.0,SOFT,3.0,141.587,0.0535211267605633,pit in/out lap
FP3,COL,12,4.0,SOFT,5.0,94.346,0.0453900709219858,short run (<5 clean laps)
FP3,COL,13,4.0,SOFT,6.0,142.439,0.0194444444444444,pit in/out lap
FP3,GAS,2,1.0,SOFT,2.0,128.897,0.1388044579533941,lap deleted (track limits)
FP3,GAS,3,1.0,SOFT,3.0,95.644,0.0718157181571815,short run (<5 clean laps)
FP3,GAS,7,2.0,SOFT,7.0,94.971,0.0338983050847457,short run (<5 clean laps)
FP3,GAS,8,2.0,SOFT,8.0,119.553,0.2761276127612761,pit in/out lap
FP3,GAS,9,3.0,SOFT,1.0,135.891,0.0704500978473581,pit in/out lap
FP3,GAS,10,3.0,SOFT,2.0,115.325,0.0672748004561003,pit in/out lap
FP3,GAS,12,4.0,SOFT,4.0,118.864,0.0453038674033149,short run (<5 clean laps)
FP3,HAM,2,1.0,SOFT,2.0,94.284,0.0190995907230559,short run (<5 clean laps)
FP3,HAM,4,2.0,SOFT,4.0,143.214,0.1393596986817326,pit in/out lap
FP3,HUL,2,1.0,MEDIUM,2.0,95.721,0.0,short run (<5 clean laps)
FP3,HUL,3,1.0,MEDIUM,3.0,143.737,0.0953271028037383,short run (<5 clean laps)
FP3,HUL,4,1.0,MEDIUM,4.0,94.665,0.0,short run (<5 clean laps)
FP3,HUL,6,1.0,MEDIUM,6.0,119.529,0.0977198697068403,lap deleted (track limits)
FP3,HUL,7,1.0,MEDIUM,7.0,94.642,0.0,short run (<5 clean laps)
FP3,HUL,8,1.0,MEDIUM,8.0,115.385,0.1695906432748538,yellow / SC / VSC / red flag
FP3,HUL,9,1.0,MEDIUM,9.0,96.897,,no gap-to-car-ahead data
FP3,HUL,12,2.0,SOFT,2.0,93.933,0.0097222222222222,short run (<5 clean laps)
FP3,HUL,13,2.0,SOFT,3.0,132.979,0.3176352705410821,pit in/out lap
FP3,LAW,2,1.0,HARD,2.0,95.602,0.0552486187845303,short run (<5 clean laps)
FP3,LAW,4,1.0,HARD,4.0,127.299,0.0,yellow / SC / VSC / red flag
FP3,LAW,5,1.0,HARD,5.0,102.036,0.0817120622568093,yellow / SC / VSC / red flag
FP3,LAW,6,1.0,HARD,6.0,149.017,0.1262398557258791,short run (<5 clean laps)
FP3,LAW,9,2.0,SOFT,2.0,94.407,0.0070621468926553,short run (<5 clean laps)
FP3,LAW,11,2.0,SOFT,4.0,93.902,0.0803324099722991,short run (<5 clean laps)
FP3,LAW,13,2.0,SOFT,6.0,136.1,0.0,short run (<5 clean laps)
FP3,LEC,2,1.0,SOFT,2.0,94.433,0.0515603799185888,short run (<5 clean laps)
FP3,LEC,4,1.0,SOFT,4.0,93.332,0.0525568181818181,yellow / SC / VSC / red flag
FP3,LEC,5,1.0,SOFT,5.0,140.085,0.0604026845637583,pit in/out lap
FP3,LEC,8,3.0,SOFT,2.0,92.963,0.0228898426323319,kept
FP3,LEC,9,3.0,SOFT,3.0,139.274,0.0953288846520495,cool-down / aborted (>105% of run best)
FP3,LEC,10,3.0,SOFT,4.0,93.185,0.0781032078103207,kept
FP3,LEC,11,3.0,SOFT,5.0,142.976,0.0510204081632653,cool-down / aborted (>105% of run best)
FP3,LEC,12,3.0,SOFT,6.0,131.929,0.1290322580645161,cool-down / aborted (>105% of run best)
FP3,LIN,2,1.0,SOFT,2.0,94.9,0.0,short run (<5 clean laps)
FP3,LIN,3,1.0,SOFT,3.0,139.6,0.0946462715105162,short run (<5 clean laps)
FP3,LIN,4,1.0,SOFT,4.0,94.505,0.1483516483516483,short run (<5 clean laps)
FP3,LIN,5,1.0,SOFT,5.0,120.725,0.1270536692223439,pit in/out lap
FP3,LIN,6,2.0,SOFT,1.0,148.149,0.1666666666666666,pit in/out lap
FP3,NOR,2,1.0,SOFT,2.0,117.686,0.0644808743169398,lap deleted (track limits)
FP3,NOR,3,1.0,SOFT,3.0,122.976,0.1337579617834395,lap deleted (track limits)
FP3,NOR,4,1.0,SOFT,4.0,94.099,0.0532212885154061,short run (<5 clean laps)
FP3,NOR,8,2.0,SOFT,2.0,105.711,0.1181592039800995,short run (<5 clean laps)
FP3,NOR,9,2.0,SOFT,3.0,93.033,0.1054913294797687,short run (<5 clean laps)
FP3,NOR,11,2.0,SOFT,5.0,93.181,0.0452616690240452,short run (<5 clean laps)
FP3,OCO,2,1.0,SOFT,2.0,95.216,0.0873124147339699,yellow / SC / VSC / red flag
FP3,OCO,3,1.0,SOFT,3.0,144.172,0.0748175182481751,pit in/out lap
FP3,OCO,7,3.0,SOFT,7.0,101.232,0.0801576872536136,pit in/out lap
FP3,OCO,8,4.0,SOFT,1.0,138.905,0.017458777885548,pit in/out lap
FP3,OCO,9,4.0,SOFT,2.0,94.43,0.1721763085399449,short run (<5 clean laps)
FP3,OCO,10,4.0,SOFT,3.0,146.519,0.1644204851752021,pit in/out lap
FP3,PER,2,1.0,SOFT,2.0,97.916,0.1123139377537212,short run (<5 clean laps)
FP3,PER,4,2.0,SOFT,4.0,148.884,0.0460869565217391,pit in/out lap
FP3,PER,5,2.0,SOFT,5.0,96.483,0.0,short run (<5 clean laps)
FP3,PER,8,3.0,SOFT,2.0,96.869,0.0,short run (<5 clean laps)
FP3,PER,9,3.0,SOFT,3.0,135.78,0.4916256157635468,pit in/out lap
FP3,PER,11,4.0,SOFT,5.0,96.441,0.0383561643835616,short run (<5 clean laps)
FP3,PIA,2,1.0,SOFT,2.0,132.628,0.0513326752221125,lap deleted (track limits)
FP3,PIA,3,1.0,SOFT,3.0,97.687,0.0728744939271255,yellow / SC / VSC / red flag
FP3,PIA,4,1.0,SOFT,4.0,148.411,0.0846223839854413,short run (<5 clean laps)
FP3,PIA,7,2.0,SOFT,2.0,93.288,0.021398002853067,short run (<5 clean laps)
FP3,PIA,8,2.0,SOFT,3.0,143.146,0.137291280148423,pit in/out lap
FP3,PIA,10,3.0,SOFT,5.0,92.986,0.1578947368421052,short run (<5 clean laps)
FP3,RUS,2,1.0,SOFT,2.0,138.248,0.0104562737642585,lap deleted (track limits)
FP3,RUS,3,1.0,SOFT,3.0,107.511,0.0443349753694581,yellow / SC / VSC / red flag
FP3,RUS,4,1.0,SOFT,4.0,149.616,0.1120071684587813,short run (<5 clean laps)
FP3,RUS,7,2.0,SOFT,2.0,93.499,0.0608203677510608,short run (<5 clean laps)
FP3,RUS,9,2.0,SOFT,4.0,93.561,0.1377840909090909,short run (<5 clean laps)
FP3,SAI,2,1.0,SOFT,2.0,97.145,0.0167130919220055,short run (<5 clean laps)
FP3,SAI,4,1.0,SOFT,4.0,113.584,0.0713476783691959,short run (<5 clean laps)
FP3,SAI,5,1.0,SOFT,5.0,129.033,0.0975855130784708,pit in/out lap
FP3,SAI,6,2.0,SOFT,6.0,147.929,0.0459459459459459,pit in/out lap
FP3,SAI,7,2.0,SOFT,7.0,95.947,0.0,short run (<5 clean laps)
FP3,SAI,10,4.0,SOFT,1.0,146.238,0.0878623188405797,pit in/out lap
FP3,SAI,11,4.0,SOFT,2.0,95.565,0.047008547008547,short run (<5 clean laps)
FP3,SAI,13,4.0,SOFT,4.0,121.268,0.1392543859649122,short run (<5 clean laps)
FP3,SAI,14,4.0,SOFT,5.0,95.464,0.0,short run (<5 clean laps)
FP3,STR,2,1.0,SOFT,2.0,96.907,0.0221606648199446,short run (<5 clean laps)
FP3,STR,4,1.0,SOFT,4.0,96.491,0.0675675675675675,short run (<5 clean laps)
FP3,STR,6,1.0,SOFT,6.0,122.095,0.1196953210010881,pit in/out lap
FP3,STR,8,2.0,SOFT,2.0,95.575,0.0355677154582763,short run (<5 clean laps)
FP3,STR,10,2.0,SOFT,4.0,95.57,0.0368349249658935,short run (<5 clean laps)
FP3,TSU,2,1.0,SOFT,2.0,95.288,0.0054127198917456,yellow / SC / VSC / red flag
FP3,TSU,4,1.0,SOFT,4.0,122.842,0.0889132821075741,yellow / SC / VSC / red flag
FP3,TSU,7,2.0,SOFT,7.0,94.897,0.0,short run (<5 clean laps)
FP3,TSU,8,2.0,SOFT,8.0,116.19,0.1509216589861751,pit in/out lap
FP3,TSU,9,3.0,SOFT,1.0,145.377,0.3291479820627803,pit in/out lap
FP3,TSU,10,3.0,SOFT,2.0,94.565,0.1098591549295774,short run (<5 clean laps)
FP3,VER,4,2.0,SOFT,4.0,93.522,0.0,short run (<5 clean laps)
FP3,VER,5,2.0,SOFT,5.0,109.065,0.0307881773399014,pit in/out lap
FP3,VER,7,3.0,SOFT,2.0,93.172,0.0572246065808297,short run (<5 clean laps)
FP3,VER,8,3.0,SOFT,3.0,128.612,0.1864754098360656,short run (<5 clean laps)
